"","created","md_arousal","q1_arousal","q3_arousal","iqr_arousal","md_valence","q1_valence","q3_valence","iqr_valence"
"1",2017-10-01 05:00:00,0.276435792528676,-0.0409720250951612,0.702992232885348,0.743964257980509,1.08609775234242,0.476495331570667,1.66221728622616,1.18572195465549
"2",2017-10-01 06:00:00,0.703184724641045,0.164741382355268,0.966953719721922,0.802212337366654,0.860827580084089,0.339000057479647,1.66201960531084,1.3230195478312
"3",2017-10-01 09:00:00,0.580586205382407,0.207650272488252,0.969717360627295,0.762067088139043,0.48846835037362,-0.257382387668699,1.25813103268724,1.51551342035594
"4",2017-10-01 10:00:00,0.797048556869824,0.240832335194454,1.38008506791455,1.13925273272009,0.267551310159086,-0.729797486808383,1.14289704533255,1.87269453214093
"5",2017-10-01 11:00:00,0.644276624659254,0.26877797892958,1.23821588704633,0.969437908116751,0.450178824355899,-0.01272769240111,1.47746816702308,1.49019585942419
"6",2017-10-01 12:00:00,0.594254885627416,0.208712935650134,1.30578719808761,1.09707426243748,0.494352324917264,-0.411981246683407,1.12776415118037,1.53974539786377
"7",2017-10-01 13:00:00,0.611294249083491,0.23031804941657,1.31286024584122,1.08254219642465,0.654132143589273,-0.464371780259216,1.45364777349697,1.91801955375618
"8",2017-10-01 14:00:00,0.651616364556504,0.266280534614182,1.20922766750798,0.942947132893798,0.618496160052752,-0.123139415603795,1.20441457799423,1.32755399359802
"9",2017-10-01 15:00:00,0.688436063920644,0.259002788448678,1.15588637805797,0.896883589609297,0.458782145265664,-0.337939339961688,1.30309281806958,1.64103215803127
"10",2017-10-01 16:00:00,0.78649591348754,0.165864348647774,1.34099132398448,1.17512697533671,0.289094670769499,-0.495685009543828,1.19318817909266,1.68887318863649
"11",2017-10-01 17:00:00,0.676927191245142,0.157116642473146,1.26987859056255,1.1127619480894,0.399019893820898,-0.53909685489184,1.26712769068664,1.80622454557848
"12",2017-10-01 18:00:00,0.648154749971745,0.177907996261352,1.26306948789447,1.08516149163312,0.426383079079589,-0.426595544170596,1.22370703365088,1.65030257782148
"13",2017-10-01 19:00:00,0.697489449323205,0.258212808865826,1.2928829629579,1.03467015409208,0.460564009479732,-0.336521793619009,1.35002108222715,1.68654287584616
"14",2017-10-01 20:00:00,0.685140894813935,0.222774698481724,1.31934826637179,1.09657356789006,0.292406941207532,-0.68280063916068,1.22713401601458,1.90993465517526
"15",2017-10-01 21:00:00,0.668938055439988,0.247939306028421,1.28390843728409,1.03596913125567,0.665262607494169,-0.294580058249074,1.26504714981771,1.55962720806678
"16",2017-10-01 22:00:00,0.619854630000739,0.129470997604813,1.31174739171032,1.18227639410551,0.733082336909999,-0.142877230078367,1.38368661230078,1.52656384237914
"17",2017-10-01 23:00:00,0.636589817359428,0.288679624915659,1.20646811143759,0.917788486521931,0.777387497659255,0.0249999999999996,1.46372991210221,1.43872991210221
"18",2017-10-02 00:00:00,0.642401977112719,0.146159797739126,1.26816264142464,1.12200284368551,0.615989826094686,-0.355659986647452,1.62762737527636,1.98328736192381
"19",2017-10-02 01:00:00,0.766526263839523,0.412087918341848,1.02458728789418,0.612499369552334,0.387012130032787,-0.494979224900773,1.27029656714843,1.7652757920492
"20",2017-10-02 02:00:00,0.680773938709253,0.246285046960217,1.2608220511638,1.01453700420358,0.532456892818996,-0.0260804738628918,1.66484805719085,1.69092853105374
"21",2017-10-02 03:00:00,0.592572212267281,0.282188317273219,1.17711050189049,0.894922184617275,0.412710956441091,-0.361944118038395,1.12673282046261,1.488676938501
"22",2017-10-02 04:00:00,0.8627733715932,0.241739571517648,1.31805031903336,1.07631074751571,0.230722486157968,-0.404527561026656,1.20848476240709,1.61301232343374
"23",2017-10-02 05:00:00,0.836556994687983,0.240633531594399,1.43161924792111,1.19098571632671,0.354306739742011,-0.464495840739349,1.25338257047256,1.71787841121191
"24",2017-10-02 06:00:00,0.611016338124908,0.164416273564947,1.27803272103973,1.11361644747478,0.312548858251249,-0.381278722764822,1.13946291174409,1.52074163450891
"25",2017-10-02 07:00:00,0.651319278089973,0.201096893801083,1.24913594609481,1.04803905229373,0.588511029471462,-0.26836326168115,1.18323002357117,1.45159328525232
"26",2017-10-02 08:00:00,0.713919449812522,0.10670649877401,1.22026610636335,1.11355960758934,0.62887916817632,-0.136576050339978,1.44655655169708,1.58313260203706
"27",2017-10-02 09:00:00,0.680821756663769,0.237833356100672,1.18582053979657,0.947987183695895,0.451131696087209,-0.139527730819206,1.18789873123944,1.32742646205864
"28",2017-10-02 10:00:00,0.442596473104718,0.0319732121332367,0.885011150093184,0.853037937959948,0.499642571765296,-0.246960012417036,1.06252650346198,1.30948651587901
"29",2017-10-02 11:00:00,0.38304781977513,0.0196115796618057,0.980946711163116,0.96133513150131,0.627001925497974,-0.268469629776152,1.24589289025377,1.51436252002992
"30",2017-10-02 12:00:00,0.663328280419975,0.165650526708696,1.34223053224027,1.17658000553157,0.316802118211057,-0.803423723695762,1.00659186802709,1.81001559172285
"31",2017-10-02 13:00:00,0.668928611519734,0.2039071889887,1.25241736670285,1.04851017771415,0.517971029994259,-0.220526974286209,1.16869510700764,1.38922208129385
"32",2017-10-02 14:00:00,0.581243239185325,0.291518285525092,1.40864738628212,1.11712910075703,0.577282267298189,0.12190166046453,1.11757254399035,0.995670883525819
"33",2017-10-02 15:00:00,0.489173953102896,-0.0423103646290206,1.14828187439392,1.19059223902294,0.414668356129183,-0.372781682102811,0.944220546319527,1.31700222842234
"34",2017-10-02 16:00:00,0.537649537334398,0.181525393797036,1.30617515518412,1.12464976138708,0.295014246790802,-0.345359056699309,0.784092956434829,1.12945201313414
"35",2017-10-02 17:00:00,0.598313415227993,0.140177052159794,1.18098604615274,1.04080899399295,0.319046679153275,-0.332991968312028,0.88523299429305,1.21822496260508
"36",2017-10-02 18:00:00,0.239909871397358,-0.186535400790426,0.857321660361438,1.04385706115186,0.90779629846281,-0.0877244263160441,1.46964435518475,1.55736878150079
"37",2017-10-02 19:00:00,0.549028549705082,-0.0514555910276675,1.22361632437561,1.27507191540328,0.372868924394865,-0.239792559849714,0.955460614832758,1.19525317468247
"38",2017-10-02 20:00:00,0.694049828231618,0,1.24645696198789,1.24645696198789,0.208806126442801,-0.534349761156671,0.907905117388215,1.44225487854489
"39",2017-10-02 21:00:00,0.545443796445007,-0.0944068246959357,0.892899645711396,0.987306470407331,0.2146988800084,-0.589886900344754,1.08091369809273,1.67080059843749
"40",2017-10-02 22:00:00,0.562512958732762,0.343838647514942,1.2091518753047,0.865313227789759,0.544502863036473,-0.361117794552357,0.907894778742558,1.26901257329492
"41",2017-10-02 23:00:00,0.481715162314345,0.10325365890167,0.78394373671924,0.68069007781757,0.285294557838284,-0.194379427779606,0.756182633748545,0.950562061528151
"42",2017-10-03 00:00:00,0.555936270946336,0.344494476215105,1.26655749454721,0.922063018332106,0.592927061281571,-0.110550014934157,1.01317534663626,1.12372536157042
"43",2017-10-03 04:00:00,0.738171255179066,0.382625980000021,1.32307702055187,0.940451040551853,0.305126222543677,-0.485874859537875,1.36846937890119,1.85434423843906
"44",2017-10-03 05:00:00,0.615182899632296,-0.114658798709029,1.08246496057914,1.19712375928817,0.298675820039244,-0.5448385282705,1.14689539076955,1.69173391904005
"45",2017-10-03 06:00:00,0.629042645474696,0.376311041560037,0.883875380114565,0.507564338554528,0.283446952942684,-0.190917642575375,1.01897557984302,1.2098932224184
"46",2017-10-03 07:00:00,0.525840782842311,0.218039792516852,1.10523524257556,0.887195450058713,0.159010173765832,-0.604971995282767,0.912537811262267,1.51750980654503
"47",2017-10-03 08:00:00,0.683374006794653,0.181633671527361,1.23056641391345,1.04893274238609,0.30948728937836,-0.481904703086764,1.08906714887672,1.57097185196349
"48",2017-10-03 09:00:00,0.625371467357841,-0.00396369087779043,1.23916864513679,1.24313233601458,0.236444790465779,-0.119264342484041,0.853060299525356,0.972324642009397
"50",2017-10-03 11:00:00,0.618743702121462,-0.0143409972426565,1.21739816380705,1.23173916104971,0.633121338213522,-0.175634871062288,1.6374597096104,1.81309458067269
"51",2017-10-03 12:00:00,0.836207293782356,0.334530393182511,1.29236493252496,0.957834539342453,0.587888425798557,-0.635637936002353,1.44105671614264,2.07669465214499
"52",2017-10-03 13:00:00,0.692489876312428,0.196616856355154,1.23323580988023,1.03661895352508,0.222054757033836,-0.632336363805177,1.17298094037486,1.80531730418004
"53",2017-10-03 14:00:00,0.876050468507579,0.129716770223082,1.21270985067378,1.0829930804507,0.785707673771057,0.150428314077316,1.700543372849,1.55011505877168
"54",2017-10-03 15:00:00,0.811629923789763,0.234230357415872,1.20250790660913,0.968277549193257,0.459977497348357,-0.739577720596144,1.50899273561584,2.24857045621199
"55",2017-10-03 16:00:00,0.704582904289119,0.185396111151,1.27144984162178,1.08605373047078,0.352410159452941,-0.46516083719118,1.09166694387311,1.55682778106429
"56",2017-10-03 17:00:00,0.754816649290218,0.276607432633056,1.29532529942238,1.01871786678932,0.750831999407727,-0.292357147626889,1.44939279401936,1.74174994164625
"57",2017-10-03 18:00:00,0.863548133606254,0.375688000528058,1.33407479383862,0.958386793310561,0.639631713337568,-0.227801108064257,1.34649483923556,1.57429594729982
"58",2017-10-03 19:00:00,0.598133942888596,0.200317071339111,1.20105680535897,1.00073973401986,0.375326903565304,-0.352308183212823,1.24435094530041,1.59665912851324
"59",2017-10-03 20:00:00,0.517793502502255,0.0738496472113931,0.98578923452064,0.911939587309246,0.716905310410188,0.0112603584072669,1.30907946245974,1.29781910405247
"60",2017-10-03 21:00:00,0.597398212371083,0.263160004310194,1.25341350606745,0.990253501757252,0.518138577980904,-0.201424007356941,1.13641060230429,1.33783460966123
"61",2017-10-03 22:00:00,0.499256684718773,0.123533328916536,0.955991457831949,0.832458128915413,0.446451669494561,-0.377916366493418,1.12855601128235,1.50647237777577
"62",2017-10-04 05:00:00,0.545411979597849,0.307157879718023,1.19467517131166,0.887517291593639,0.61886869264919,-0.313273134293504,1.13868698309366,1.45196011738716
"63",2017-10-04 06:00:00,0.450755216272024,-0.0798645807900973,0.982629722981286,1.06249430377138,0.698530419748583,-0.290392705191832,1.40954465852378,1.69993736371561
"64",2017-10-04 07:00:00,0.628967293115688,0.127631879006758,1.16558835626233,1.03795647725557,0.637885394741152,-0.0611037496492859,1.36360860925792,1.4247123589072
"65",2017-10-04 08:00:00,0.485846878544524,0.150044985581699,0.969091949011377,0.819046963429679,0.741591327201874,-0.00592870936238796,1.55329232731437,1.55922103667676
"66",2017-10-04 09:00:00,0.671666666666667,0.264243337426863,1.2331708991077,0.968927561680832,0.532398959321141,-0.535359842816657,1.30605535783301,1.84141520064967
"67",2017-10-04 10:00:00,0.681879696489452,0.156652365873589,1.04408354345101,0.887431177577423,0.415900947390662,-0.285375544926581,1.19328596898467,1.47866151391125
"68",2017-10-04 11:00:00,0.732045995949725,0.301479238130468,1.32169530305534,1.02021606492487,0.291460966425172,-0.650786595243218,1.15654695744122,1.80733355268444
"69",2017-10-04 12:00:00,0.558343020158147,0.078949764789761,1.09807533564985,1.01912557086009,0.477509277597897,-0.403944078883378,1.31073153750941,1.71467561639278
"70",2017-10-04 13:00:00,0.807882221469647,0.322038650494487,1.16951011988139,0.847471469386907,0.801930595372721,-0.0226990819064648,1.49611976906542,1.51881885097189
"71",2017-10-04 14:00:00,0.490359003879417,-0.0246388760058887,1.12861336470792,1.15325224071381,0.657311095299092,-0.648993780337237,1.42663035271298,2.07562413305021
"72",2017-10-04 15:00:00,0.581595327525935,-0.04680020791066,1.22687879687997,1.27367900479063,0.284557316703549,-0.375224300960166,1.14995915171766,1.52518345267783
"73",2017-10-04 16:00:00,0.733379990680369,0.435478041398804,1.20360701066349,0.768128969264684,0.68179758666694,-0.0297082863427618,2.00036105067187,2.03006933701463
"74",2017-10-04 17:00:00,0.693138015690375,0.401598384955941,1.13300582198886,0.731407437032915,0.737654756119228,-0.29915081518263,1.53571272093887,1.8348635361215
"75",2017-10-04 18:00:00,0.696866187747453,0.226966769303892,1.23594382674017,1.00897705743628,0.671519840657634,-0.163691265402505,1.44621259636551,1.60990386176802
"76",2017-10-04 19:00:00,0.490461901899708,0.152983873174916,1.16340232009019,1.01041844691527,0.837705374756547,0.119841499802146,1.5431785379534,1.42333703815126
"77",2017-10-04 20:00:00,0.508779882350471,-0.193480736458128,0.979276524686849,1.17275726114498,1.00389884159447,0.292966491880538,1.41226645333492,1.11929996145438
"78",2017-10-04 21:00:00,0.667110986071741,0.187200878079615,1.19247866002641,1.00527778194679,0.356691468961432,-0.646869163670653,1.42731408334713,2.07418324701779
"79",2017-10-04 22:00:00,0.998135654880448,0.157158672430098,1.34692133764234,1.18976266521225,0.73049845730203,-0.0563996228609569,1.3737639096532,1.43016353251416
"80",2017-10-04 23:00:00,0.625875280109582,0.182152920300026,1.03296747432846,0.850814554028434,0.344261056256731,-0.689020223062216,1.22200119200615,1.91102141506836
"81",2017-10-05 01:00:00,0.670504662218641,0.199673808071138,0.971968037190093,0.772294229118955,1.14539046009889,-1.04525565996033,2.47415947884011,3.51941513880044
"83",2017-10-05 04:00:00,0.737161571557546,-0.0142312127075979,1.11409354294589,1.12832475565349,0.334803506192242,-0.483584588899214,1.48991720731618,1.97350179621539
"84",2017-10-05 05:00:00,0.628307952480201,0.129602160625605,1.01980368082501,0.890201520199409,0.630734526702321,-0.864328633805564,1.61506834783207,2.47939698163764
"85",2017-10-05 06:00:00,0.776716613780136,0.121328892617968,1.32089234174564,1.19956344912767,0.511340678683394,-0.0376586910580979,1.26271395356853,1.30037264462663
"86",2017-10-05 07:00:00,0.759178719738436,0.156477567810044,1.19706660625775,1.0405890384477,0.680480286760598,-0.120373924744896,1.2389333813938,1.35930730613869
"87",2017-10-05 08:00:00,0.424767128843638,-0.0801299399552095,0.816617518844154,0.896747458799363,0.932934333515366,-0.0453557367611073,1.4057017240644,1.45105746082551
"88",2017-10-05 09:00:00,0.707714177736486,0.313049516849971,1.20735955861703,0.894310041767062,0.7,0.0471502719838194,1.52704207045125,1.47989179846744
"89",2017-10-05 10:00:00,0.55345324746027,0.139290588010337,1.16858322105194,1.0292926330416,0.456986157472556,-0.666392811336787,1.241926004916,1.90831881625279
"90",2017-10-05 11:00:00,0.501345624608561,0.0852089409381395,1.02707768069187,0.941868739753729,0.584549477697418,-0.146257693305789,1.33683726183906,1.48309495514485
"91",2017-10-05 12:00:00,0.702181187797742,0.143883495679856,1.16283392467743,1.01895042899758,0.362676077784468,-0.394506658336995,1.10716871646747,1.50167537480447
"92",2017-10-05 13:00:00,0.568462404241476,0.110107196479448,0.945503261454787,0.835396064975339,0.528641690306223,-0.0723873765223288,1.45419525219584,1.52658262871817
"93",2017-10-05 14:00:00,0.751093082355411,0.276015988506531,1.29181457084377,1.01579858233724,0.860993135478889,0.221150557334822,1.63092811608504,1.40977755875022
"94",2017-10-05 15:00:00,0.676556259243752,0.0867401180333028,1.17222839350419,1.08548827547089,0.840757731571703,0.114079158664986,1.54859999427892,1.43452083561393
"96",2017-10-05 17:00:00,1.00969160546884,0.502033435521864,1.54509720010005,1.04306376457818,0.206452387211584,-0.357080608983518,1.42950821412135,1.78658882310487
"97",2017-10-05 18:00:00,0.594422418193547,0.0910490782121508,1.10194774438551,1.01089866617336,0.431650900612983,-0.31036835782876,1.21584532907705,1.52621368690581
"98",2017-10-05 19:00:00,0.663288041347907,0.214325562053671,1.12735070842796,0.913025146374292,0.567786536687691,0,1.26548425681083,1.26548425681083
"99",2017-10-05 20:00:00,0.610909515795925,0.149136035096493,1.0186452760093,0.86950924091281,0.970932728493096,0.218514523795297,1.62994951564111,1.41143499184581
"101",2017-10-05 22:00:00,0.485384183132116,0.105823109855191,1.09426169804425,0.988438588189057,0.852192866487632,0.222662507859383,1.30791810368011,1.08525559582073
"102",2017-10-05 23:00:00,0.666844891082941,0.154016767535854,1.14133419409427,0.987317426558411,0.870637393016782,-0.0155903347661849,1.46,1.47559033476618
"103",2017-10-06 00:00:00,0.778117298403287,0.131712354547069,1.07247525162074,0.94076289707367,0.928431744095744,-0.236916806964527,1.62256328173072,1.85948008869525
"104",2017-10-06 05:00:00,0.42633159629338,0.122844763672108,0.785413660422445,0.662568896750337,0.376579335390706,-0.535260487787045,1.2327923623759,1.76805285016295
"105",2017-10-06 06:00:00,0.570883638515061,0.0728421363117314,1.32016743490422,1.24732529859249,0.741620947899496,-0.362013245815842,1.74798054968057,2.10999379549641
"106",2017-10-06 07:00:00,0.874130623510226,0.313534780892612,1.31209932697749,0.998564546084878,0.674658921417293,-0.267711901820351,1.42702300876125,1.6947349105816
"107",2017-10-06 08:00:00,0.797262895787832,0.161545046988744,1.34416244560253,1.18261739861379,0.592023971665447,-0.0560951099580864,1.69292405377555,1.74901916373364
"108",2017-10-06 09:00:00,0.516568404883645,0.120446860344392,0.995676283828847,0.875229423484454,0.8275,0.116978240728802,1.42826964715464,1.31129140642584
"109",2017-10-06 10:00:00,0.535178816073783,0.0661870203989859,1.16726107072508,1.10107405032609,0.582710554246636,-0.314297801517448,1.21911086990942,1.53340867142687
"110",2017-10-06 11:00:00,0.31246243309247,-0.0498329424554913,0.971906625969795,1.02173956842529,0.600058092615924,-0.0381696724492157,1.44329003578847,1.48145970823769
"111",2017-10-06 12:00:00,0.665773197930647,0.147278900078724,1.09089495770558,0.943616057626859,0.516998291843929,0.0697743748641083,1.56070850458492,1.49093412972082
"112",2017-10-06 13:00:00,0.702338151508785,-0.0324124695421093,1.1457325080447,1.17814497758681,0.348747866900934,-0.25992626364292,1.12807840216494,1.38800466580786
"113",2017-10-06 14:00:00,0.513671266839288,-0.041857894516248,0.906281868435639,0.948139762951887,0.671971975335447,0.0693298833565927,1.3104388392237,1.24110895586711
"114",2017-10-06 15:00:00,0.615680480267815,0.0360658901220839,1.20374016282833,1.16767427270624,1.16085685551897,0.349827121134435,1.78660223821313,1.4367751170787
"115",2017-10-06 16:00:00,0.590962226537956,0.174977411525083,0.982704320282629,0.807726908757547,0.396874204567807,-0.437308881278854,1.3722509490527,1.80955983033155
"116",2017-10-06 17:00:00,0.533241982165119,0.0127608948191752,0.952690267957794,0.939929373138618,0.421658878028483,-0.538924416982903,1.11465884083076,1.65358325781366
"117",2017-10-06 18:00:00,0.482520459606711,-0.0923643552617125,0.879376712665157,0.971741067926869,0.691184470437044,-0.377693284628182,1.16699107175963,1.54468435638781
"118",2017-10-06 19:00:00,0.680955874397647,0.137345092068926,1.29369264303259,1.15634755096367,0.57984126984127,-0.13546021747072,1.38952418693126,1.52498440440198
"119",2017-10-06 20:00:00,0.558932845040826,-0.167992613114089,1.00374522278726,1.17173783590135,0.345617153185996,-0.383577106900424,0.911050860137807,1.29462796703823
"121",2017-10-06 22:00:00,0.66579032893965,0.256807930436028,1.25344735218278,0.996639421746751,0.487692570948713,-0.116924886914266,1.37790599811114,1.4948308850254
"122",2017-10-07 02:00:00,0.766482338204138,0.0735735795014856,1.17056978053899,1.09699620103751,1.00573863163003,-0.168452410607306,1.44048990351851,1.60894231412582
"123",2017-10-07 06:00:00,0.615836645021234,0.141335727428747,0.910512829692928,0.769177102264181,0.20159175059131,-0.209695076321482,1.21420193431788,1.42389701063936
"124",2017-10-07 07:00:00,0.967052004907846,0.259852212327491,1.46831665376493,1.20846444143744,0.1609331390867,-0.676340693754831,0.914753081941061,1.59109377569589
"125",2017-10-07 08:00:00,0.723627809759101,0.169978637276435,1.39791293951959,1.22793430224316,0.787188095999579,-0.449290934462392,1.8185570152254,2.26784794968779
"126",2017-10-07 09:00:00,0.46355140850895,0.114610002577094,0.982580620450826,0.867970617873732,1.07450943935778,-0.192913614228591,1.82297639425575,2.01589000848435
"127",2017-10-07 10:00:00,0.503079193766333,-0.125933549983102,1.02206021514035,1.14799376512345,0.490457541554226,-0.367918050249891,1.29429481281874,1.66221286306863
"128",2017-10-07 11:00:00,0.690110221146509,0.219348905589196,1.32902967616109,1.10968077057189,0.916683218241331,0.167092271933635,1.89327450134321,1.72618222940958
"129",2017-10-07 12:00:00,0.498284896673993,0.217620540862586,1.10216693984838,0.884546398985792,0.74026803781632,0.160013111762221,1.33216953611109,1.17215642434887
"130",2017-10-07 13:00:00,0.652523297315674,0.151185789203691,1.39542854921223,1.24424276000854,0.880033750910997,0.0377964473009226,1.85071989536295,1.81292344806203
"131",2017-10-07 14:00:00,0.699808118798186,0.119121000316491,1.1643749605557,1.04525396023921,0.8129827066353,0.190257443148156,1.40982306602568,1.21956562287753
"132",2017-10-07 15:00:00,0.778424637980544,0.225384209192538,1.46895673181964,1.2435725226271,0.283371887331718,-0.418596247761279,1.48692342663237,1.90551967439364
"133",2017-10-07 16:00:00,0.811717989959813,0.203106270772467,1.39926087736588,1.19615460659341,0.316904532912127,-0.239045089447674,1.15267856276331,1.39172365221098
"134",2017-10-07 17:00:00,0.789235780804772,0.285821301337512,1.49678539533269,1.21096409399518,0.500554488643095,-0.00776983623547877,0.820068630658983,0.827838466894461
"135",2017-10-07 18:00:00,0.604575092760738,0.0362307830971467,1.06543169271427,1.02920090961712,0.450333209967908,-0.649444817847191,1.04325385285571,1.6926986707029
"136",2017-10-07 19:00:00,0.651496095248612,0.366435351191225,1.14098730512418,0.774551953932956,0.345110568289764,0.0221386409396821,0.996085257884699,0.973946616945017
"137",2017-10-07 20:00:00,0.960159184979999,0.0598313962241032,1.50077935548581,1.4409479592617,0.972328171799761,0.221348605986674,2.20840034739854,1.98705174141186
"138",2017-10-07 21:00:00,0.646778369115309,-0.211138465204877,0.96976814489277,1.18090661009765,0.794285081186605,0.210351462271236,1.36629681134346,1.15594534907222
"139",2017-10-07 22:00:00,0.684170469466942,0.384044127099854,1.26230684083822,0.878262713738361,0.80041611494866,0.107953255963303,1.47291714186157,1.36496388589826
"141",2017-10-08 07:00:00,0.323613090063604,-0.0349844772034719,0.934856192200924,0.969840669404395,0.523605446257255,0.0934041347899767,1.14651222774867,1.05310809295869
"142",2017-10-08 08:00:00,0.444328939593525,-0.143592348050901,0.692950776954487,0.836543125005388,0.941952838431036,0.0641488771965147,1.49829470906141,1.4341458318649
"143",2017-10-08 09:00:00,0.504191177958427,0.0508527659401573,0.859764747735647,0.80891198179549,1.2227863780946,0.0353170705068399,1.84111860237995,1.80580153187311
"144",2017-10-08 10:00:00,0.460341200416217,-0.0219095507826541,1.18286659016869,1.20477614095135,0.670398787630217,-0.146529967012092,1.51759075362536,1.66412072063745
"145",2017-10-08 11:00:00,0.531873249128765,0.311429210891484,1.1004726257386,0.789043414847112,0.584690969908189,0.126807204609813,1.36122206128693,1.23441485667711
"146",2017-10-08 12:00:00,0.650503445903525,0.265106128470536,1.17658835460483,0.911482226134294,0.473211082051945,-0.3317758521886,1.15839790544692,1.49017375763552
"147",2017-10-08 13:00:00,0.513550314646712,0.154978146587667,0.876877577381407,0.72189943079374,0.654082228686668,-0.189713383267977,1.18962370969352,1.37933709296149
"148",2017-10-08 14:00:00,0.753708406696042,0.16388543794135,1.33561223801747,1.17172680007612,0.78468327426363,-0.598545952358957,1.11546533530761,1.71401128766657
"149",2017-10-08 15:00:00,0.818251306030366,0.14142135623731,1.2909534066443,1.14953205040699,0.508660305202847,-0.115886552533474,1.08759760052764,1.20348415306112
"150",2017-10-08 16:00:00,0.90627584345749,0.417969727145947,1.45359363112406,1.03562390397812,0.671265931708899,-0.603660482041653,1.72579617965266,2.32945666169431
"151",2017-10-08 17:00:00,0.667974624050922,0.134760447059874,1.36523836154438,1.23047791448451,0.880516232642797,0,1.97548083631184,1.97548083631184
"152",2017-10-08 18:00:00,0.648216667034722,-0.0639179509507778,1.21280746046283,1.27672541141361,0.800891643334533,0.120200736525109,1.27305553321692,1.15285479669181
"153",2017-10-08 19:00:00,0.816206243598667,0.475545996759267,1.14559528888868,0.670049292129417,0.362124012973595,-0.684125810797985,1.73594669284496,2.42007250364294
"154",2017-10-08 20:00:00,0.669078604406201,0.313466866888575,1.45103900985495,1.13757214296637,0.618155268843041,-0.148629546232708,1.22917449299252,1.37780403922523
"155",2017-10-08 21:00:00,0.602822792116346,0.227456432098301,0.919160949231684,0.691704517133383,0.750804802937047,0.135381040357233,1.67865028124578,1.54326924088854
"156",2017-10-08 22:00:00,0.696379861210757,0.31210436220999,1.4131306404758,1.10102627826581,0.466853509323647,-0.0620313768827836,1.1393314444287,1.20136282131149
"157",2017-10-08 23:00:00,0.82789485157277,0.115796351115883,0.968782028605946,0.852985677490062,0.0865312783820066,-0.772472666334436,1.86294872733773,2.63542139367217
"158",2017-10-09 05:00:00,0.495693228240422,-0.000517401412431947,0.851184053158481,0.851701454570913,0.716334346053402,0.0457949918963122,1.61048144763402,1.56468645573771
"159",2017-10-09 06:00:00,0.721426342440237,0.518355716035922,1.50051895784663,0.98216324181071,0.412683671367971,0.0680804994987923,1.64826201702511,1.58018151752632
"161",2017-10-09 08:00:00,0.606103922844085,0.037201236165543,0.847380859584905,0.810179623419362,0.993793110286859,0.242003688909395,2.24598904574518,2.00398535683579
"162",2017-10-09 09:00:00,0.659929242361967,0.0997871240187445,1.1707187229733,1.07093159895455,0.530222222222222,-0.25180700114498,1.57468555594966,1.82649255709464
"163",2017-10-09 10:00:00,0.571675463673581,0.0723417912356219,1.03049043070712,0.9581486394715,0.954594154601839,-0.166727625694579,1.62211866318323,1.78884628887781
"164",2017-10-09 11:00:00,0.463234336164738,-0.0109193001528348,0.875644219988918,0.886563520141753,0.984353744168185,0.306334646749808,1.82089904187621,1.5145643951264
"165",2017-10-09 12:00:00,0.573301990102846,0.195434406508109,1.04307739364534,0.847642987137232,0.638482624522818,0.270878351866113,1.35981616404571,1.0889378121796
"166",2017-10-09 13:00:00,0.63086875605691,0.275553972621446,1.07909189755638,0.803537924934933,0.686545608612502,-0.511251916034646,1.40007142674936,1.91132334278401
"167",2017-10-09 14:00:00,0.776533796432946,0.264223530507928,1.21453960031829,0.950316069810362,0.674605787978306,0.140178782971455,1.26166854164286,1.12148975867141
"168",2017-10-09 15:00:00,0.439585955320068,0.217545078009081,1.12542192517465,0.907876847165572,0.619717113664832,-0.178271725996579,1.30562138435961,1.48389311035619
"169",2017-10-09 16:00:00,0.499438445949373,0.263713489130601,0.972564998551158,0.708851509420557,0.646363132557696,-0.495973054845487,1.5297870512016,2.02576010604709
"170",2017-10-09 17:00:00,0.603498153475648,0.324257260028317,1.0565639082241,0.732306648195785,0.394763032530892,-0.950823080033631,1.35313768184143,2.30396076187506
"171",2017-10-09 18:00:00,0.712705620779887,0.162979823939434,1.16914891263707,1.00616908869764,0.742651043472385,-0.0662049874954117,1.44371789632677,1.50992288382218
"172",2017-10-09 19:00:00,0.222460686062768,-0.236222988581777,0.773461437057525,1.0096844256393,1.09572924080808,-0.168034075301554,2.02314308740297,2.19117716270453
"173",2017-10-09 20:00:00,0.515446723800519,0.145917087426771,1.2122161211913,1.06629903376453,0.403549066718916,-0.291835313220348,1.13542847246315,1.4272637856835
"174",2017-10-09 21:00:00,0.568095981798489,0.00776429893716692,1.01549858587672,1.00773428693955,0.658768227542048,-0.338614235050775,1.2753870800079,1.61400131505868
"175",2017-10-09 22:00:00,0.635662646377778,0.0853814968245466,1.31399896215396,1.22861746532941,-0.0431093810944756,-0.336782570807932,0.927506860223967,1.2642894310319
"176",2017-10-10 00:00:00,0.7297712210838,0.13721262123339,1.22296128450683,1.08574866327344,0.614532282324948,-0.429793267344821,1.41586884606291,1.84566211340773
"177",2017-10-10 01:00:00,0.614417324826408,0.24441320883251,0.82140812627269,0.57699491744018,0.456709967898803,-0.324346526866195,1.07664675959643,1.40099328646263
"178",2017-10-10 05:00:00,0.608233966991085,-0.0265165042944954,1.24440199491659,1.27091849921108,0.874350809547244,0.00781602278091866,1.48314400559123,1.47532798281031
"179",2017-10-10 06:00:00,0.780899867187368,0.102472479810448,1.28814624994547,1.18567377013502,0.490762583080583,-0.734989220916136,1.11577488776657,1.85076410868271
"180",2017-10-10 07:00:00,0.747633443217514,0.217368965692562,1.43114606855943,1.21377710286687,0.561311951236189,-0.120884602173411,1.48321858452545,1.60410318669886
"181",2017-10-10 08:00:00,0.435275299542842,0.0715926999037291,0.963180089631137,0.891587389727408,0.570133390824755,-0.154609881131274,1.37127500255752,1.52588488368879
"182",2017-10-10 09:00:00,0.586628111716473,0.227351435046483,1.11038229555582,0.883030860509337,0.471618710410069,-0.367691440837286,1.54410107748995,1.91179251832724
"183",2017-10-10 10:00:00,0.403633017050303,0.0403274719450988,0.793484664273516,0.753157192328418,0.728211039467734,-0.0638941224087455,1.36599535154248,1.42988947395123
"184",2017-10-10 11:00:00,0.649913050997705,0.119948873314523,1.15976539899011,1.03981652567559,0.639453930423877,-0.0023471300161115,1.30533479245449,1.3076819224706
"185",2017-10-10 12:00:00,0.609144931790895,0.255658707162518,1.08611538076697,0.830456673604449,0.987979953552606,0.455151187983153,1.4312022142644,0.976051026281245
"186",2017-10-10 13:00:00,0.629224059565542,0.0850266143005066,1.23714233928864,1.15211572498814,0.32617567139925,-0.254911749434976,0.973761521953646,1.22867327138862
"187",2017-10-10 14:00:00,0.570008334544183,0.188634376980112,1.18747534825046,0.998840971270347,0.825573063491755,0.00287338593456706,1.35501271527296,1.35213932933839
"188",2017-10-10 15:00:00,0.5647540216168,0.147021733855986,1.03637191789377,0.88935018403778,0.947936441748511,-0.0816646002691308,1.58133024654944,1.66299484681857
"189",2017-10-10 16:00:00,0.569265666446258,0.102825111097544,1.0502203431259,0.947395232028353,0.610332694415046,-0.272214532005939,1.41952180164807,1.69173633365401
"190",2017-10-10 17:00:00,0.594413840426971,0.128457731915555,1.00918905676772,0.880731324852168,0.775036164186074,0.147219204401033,1.74743433897111,1.60021513457008
"191",2017-10-10 18:00:00,0.731481563199901,0.249486880940064,1.04835186606995,0.798864985129885,0.898458979920051,0.178059575783322,1.4826929277896,1.30463335200628
"192",2017-10-10 19:00:00,0.631408695403057,0.169051868423564,0.962023495087054,0.79297162666349,0.627162775840977,0.000878938486279605,1.53502820583906,1.53414926735279
"193",2017-10-10 20:00:00,0.380430516104884,-0.0509880695341403,0.816601329438995,0.867589398973136,0.593671638999029,0.194907531608074,1.37104837065023,1.17614083904216
"194",2017-10-10 21:00:00,0.656140431328359,0.250941750072921,1.0017222636776,0.750780513604675,0.939054207647661,0.00332150715437532,1.51582982423962,1.51250831708525
"195",2017-10-10 22:00:00,0.574445582318313,0.216914436131692,0.926312874352673,0.709398438220981,0.536385699607373,-0.171666666666667,1.21116795865564,1.38283462532231
"196",2017-10-10 23:00:00,0.654780454529239,0.227683991532123,1.09957313008272,0.871889138550596,0.898753072782532,-0.0421531496939079,2.06981401162534,2.11196716131924
"197",2017-10-11 00:00:00,0.0833333333333333,-0.202399131587457,0.636597474537627,0.838996606125083,0.713993563680936,-0.0496894799035874,1.4463508981941,1.49604037809769
"198",2017-10-11 01:00:00,0.497891017965657,0.0433350746501626,0.879576631287296,0.836241556637134,0.565217104653216,-0.433534946522083,1.53224613741955,1.96578108394163
"199",2017-10-11 04:00:00,0.437512887464507,0.252475774740793,0.885125605424949,0.632649830684156,0.63132163675216,0.0914937660793439,1.00768810407883,0.916194337999488
"200",2017-10-11 05:00:00,0.559020844929327,0.0766586753779683,0.907934314208031,0.831275638830062,0.396642835001324,-0.0760866585345378,1.71722720054371,1.79331385907824
"201",2017-10-11 06:00:00,0.444937394578688,-0.105937367926706,0.753404697891637,0.859342065818344,0.392495661508757,-0.078259165385434,1.33957893263932,1.41783809802476
"202",2017-10-11 07:00:00,0.718160956558,0.197593241896176,1.23501580630527,1.0374225644091,0.70538253802545,-0.168911687364792,1.49043899026227,1.65935067762706
"203",2017-10-11 08:00:00,0.545442725306239,0.137615866293178,1.03522468845118,0.897608822158003,0.445874580501119,-0.210986510402026,1.17502327312162,1.38600978352364
"204",2017-10-11 09:00:00,0.638312059635892,0.191080232381859,1.25532679799916,1.06424656561731,0.751034301501512,0.00107114646256965,1.32920366880215,1.32813252233958
"205",2017-10-11 10:00:00,0.647681281142808,0.192033337076441,1.12534760810311,0.933314271026668,0.664405846937388,0.032166715575113,1.47445085835301,1.4422841427779
"206",2017-10-11 11:00:00,0.574111291861372,0.194393058957168,1.09888888888889,0.904495829931721,0.939148550549911,0.0765645674323134,1.72283463528071,1.64627006784839
"207",2017-10-11 12:00:00,0.591967273187676,-0.0210477440002696,1.08498478578868,1.10603252978895,0.459653190404658,-0.357228401278422,1.46254325738664,1.81977165866506
"208",2017-10-11 13:00:00,0.62830155172591,0.0746538081480837,1.15565653053899,1.08100272239091,0.846775234528729,0.0258972611783653,1.7893091798923,1.76341191871394
"209",2017-10-11 14:00:00,0.60798321657545,0.162165569012086,1.07976309725318,0.917597528241094,0.684594680557263,-0.233030168328632,1.22450225104148,1.45753241937011
"210",2017-10-11 15:00:00,0.601852566262142,0.12132768765008,0.74,0.61867231234992,0.924364927743681,0.253574545747501,1.54897817274151,1.29540362699401
"211",2017-10-11 16:00:00,0.640505760540897,0.285378565653847,1.23023967509346,0.94486110943961,1.04430559242223,0.229515800470075,2.19993392028403,1.97041811981396
"212",2017-10-11 17:00:00,0.497039275181064,0.177627572827507,1.05973156049507,0.882103987667562,0.787697745092775,-0.0816743530832593,1.65883521267038,1.74050956575364
"213",2017-10-11 18:00:00,0.674380887964538,0.319816334681061,1.27225188626679,0.952435551585727,0.754927008844521,-0.105944229663148,1.59954846205646,1.70549269171961
"214",2017-10-11 19:00:00,0.642257475787664,0.203621416819898,1.10936879689673,0.905747380076831,0.59337927432041,-0.179472331287328,1.42818588580034,1.60765821708767
"215",2017-10-11 20:00:00,0.546712302010026,0.280646893175485,1.09548921401945,0.814842320843961,0.510285456657216,-0.381453636870233,1.40099642651452,1.78245006338475
"216",2017-10-11 21:00:00,0.631757632687192,0.261807094827626,1.09060174404899,0.828794649221361,0.579769302886265,-0.353881942710438,1.26143690079346,1.6153188435039
"217",2017-10-11 22:00:00,0.739973770637261,-0.168042741019839,1.14562171963955,1.31366446065939,0.997529127075008,-0.263146284433518,2.24276848792824,2.50591477236175
"218",2017-10-11 23:00:00,0.779693791492633,0.165021018679962,1.35508570096579,1.19006468228583,0.106053454698516,-0.87634185897368,1.12465858227852,2.0010004412522
"219",2017-10-12 00:00:00,0.542284451184093,0.107987937098934,1.10424937611025,0.996261439011319,1.18550496533461,-0.108798575066819,1.6599652119802,1.76876378704701
"220",2017-10-12 01:00:00,0.474112651369613,-0.0244893184558588,0.902228721925137,0.926718040380996,1.0641672104758,0.343109787264792,2.11880862750745,1.77569884024266
"221",2017-10-12 02:00:00,0.359327336882975,-0.116594423703958,0.831539100767781,0.948133524471739,1.14983218900005,-0.450967392533418,1.83047878002091,2.28144617255433
"223",2017-10-12 06:00:00,0.546130892256745,0.064000671903937,1.03571360359137,0.971712931687436,0.48926828829015,-0.360664582314353,1.26169013030176,1.62235471261612
"224",2017-10-12 07:00:00,0.62473012096181,0.231310352774247,1.10146429512033,0.870153942346084,0.5682545951608,0.000623420712303951,1.4091490509313,1.408525630219
"225",2017-10-12 08:00:00,0.713545097127603,0.263883943068568,1.30202553582348,1.03814159275492,1.03595088220701,0.00747607934992055,1.61649994086716,1.60902386151724
"226",2017-10-12 09:00:00,0.589781463010106,0.0567392253664506,1.16121575438755,1.1044765290211,0.799508422531969,0.00253910517550536,1.46571569548804,1.46317659031254
"227",2017-10-12 10:00:00,0.811130459904521,0.206216757083738,1.37044833853558,1.16423158145184,0.886359021195904,-0.0202976901867356,1.69731746538923,1.71761515557596
"228",2017-10-12 11:00:00,0.557550774425563,-0.026173212203263,1.07097032734562,1.09714353954888,0.847076456931096,0.152406887395131,1.59391869579011,1.44151180839498
"229",2017-10-12 12:00:00,0.608747446575127,0.0775593855269184,1.1906115873175,1.11305220179058,0.371329282566421,0.054077285676925,1.14870592634023,1.09462864066331
"230",2017-10-12 13:00:00,0.690407057457757,0.231072530375041,1.07447143261821,0.843398902243171,0.493330503732988,-0.353626222437301,1.68671223990152,2.04033846233882
"231",2017-10-12 14:00:00,0.68753716863999,0.170795301756717,1.00792016404474,0.83712486228802,1.21628010384196,0.10458378644582,1.77669317107773,1.67210938463191
"232",2017-10-12 15:00:00,0.645175092393022,0.142964884828646,1.06104577765619,0.918080892827544,0.872452113470768,0.382689028921843,1.59878972082903,1.21610069190719
"233",2017-10-12 16:00:00,0.636247634907036,0.0932736070562128,1.32163663895753,1.22836303190132,0.852189360459762,-0.0377011410872786,1.88754981152173,1.92525095260901
"234",2017-10-12 17:00:00,0.547494215107778,-0.0440503855912065,0.996801809475146,1.04085219506635,0.954044576431718,-0.247130213366272,1.59897395770037,1.84610417106664
"235",2017-10-12 18:00:00,0.519487748822987,0.116866616598953,1.13801260890594,1.02114599230698,0.825486086400275,-0.0852419308390488,1.64612119551369,1.73136312635274
"236",2017-10-12 19:00:00,1.04443048126049,0.21359185220214,1.42928242153881,1.21569056933667,0.613771681249896,0.0541635216783579,1.62666335638003,1.57249983470167
"237",2017-10-12 20:00:00,0.797823932881267,0.404050997310923,1.18297159586828,0.778920598557353,0.839138819051782,-0.622639656369134,1.27649630555965,1.89913596192879
"238",2017-10-12 21:00:00,0.570252141313337,0.287045517688099,1.23442091628629,0.947375398598195,1.00055609537896,-0.076298944766181,1.79197268027723,1.86827162504341
"239",2017-10-12 22:00:00,0.717081042611836,0.15050388782578,1.43057200371618,1.2800681158904,0.784177959122396,-0.280122167228181,1.77842467631494,2.05854684354312
"240",2017-10-12 23:00:00,0.745743035237856,0.359761968292105,1.26669758229419,0.906935614002088,0.951906546969887,0.11897014368143,1.56183134223685,1.44286119855542
"241",2017-10-13 00:00:00,0.597505230102633,0.275562074975741,1.44312056039392,1.16755848541818,0.858406141434433,0.348423490764218,1.35133826517092,1.00291477440671
"243",2017-10-13 08:00:00,0.604820688798517,0.00213006031601762,0.963328745925955,0.961198685609937,1.09208681619684,0.166821135840885,1.84465477883805,1.67783364299716
"244",2017-10-13 09:00:00,0.466277312687756,0.0691082659237837,1.07656029103587,1.00745202511209,0.728905000668811,0.132039604369713,1.56461409167413,1.43257448730441
"245",2017-10-13 10:00:00,0.616110590351881,0.157998036355093,0.948909307353073,0.79091127099798,0.930451828122032,0.276950155964731,1.87436413322545,1.59741397726072
"246",2017-10-13 11:00:00,0.588333333333333,0.0987957567428798,0.962970241350644,0.864174484607764,1.00606008805165,0.239283773290943,1.76388657396013,1.52460280066919
"247",2017-10-13 12:00:00,0.454905362563345,0.101304444816888,0.901868767361031,0.800564322544143,0.626978749729476,0,1.25207046305484,1.25207046305484
"248",2017-10-13 13:00:00,0.784396614593796,0.270078179805975,1.27885209484751,1.00877391504153,0.740734282219949,0.144762153329777,1.45307204969815,1.30830989636837
"249",2017-10-13 14:00:00,0.605400879289249,0.129692454092869,1.06430941962333,0.934616965530463,0.687025554799918,0.000166049431088886,1.58472671948497,1.58456067005388
"250",2017-10-13 15:00:00,0.512063160709258,0.191847518991726,1.12625945901384,0.934411940022116,0.575785784285246,-0.157225421166191,1.21479342973325,1.37201885089944
"251",2017-10-13 16:00:00,0.588948864614652,-0.0869169286418278,1.19860938747435,1.28552631611618,0.599444444444445,0.0340804702071072,1.44589738386226,1.41181691365515
"252",2017-10-13 17:00:00,0.770622900114216,0.249343376857683,1.07649137717481,0.82714800031713,0.801020059442893,-0.17830127898312,1.6119202460652,1.79022152504832
"253",2017-10-13 18:00:00,0.548487905647308,-0.0327956636699973,0.938194187433142,0.970989851103139,0.584251255044048,-0.0714918196722438,1.44738386498937,1.51887568466162
"254",2017-10-13 19:00:00,0.42577863622734,0.0860922407791396,0.817317127111176,0.731224886332037,0.770401834431567,-0.335647896040513,1.49517481797704,1.83082271401755
"255",2017-10-13 20:00:00,0.60567132164049,0.231169321023013,1.32476570255524,1.09359638153222,0.403485393741785,-0.319559680843964,0.926029760170357,1.24558944101432
"256",2017-10-13 21:00:00,1.0832570065262,0.167006426961435,1.17317064580662,1.00616421884519,1.18144025330924,-0.195260845347309,1.66544666756534,1.86070751291265
"257",2017-10-13 22:00:00,0.412028662125934,-0.0289535385615242,0.826077834950073,0.855031373511597,0.951282882089603,0.446855099679121,2.11039031258254,1.66353521290342
"258",2017-10-13 23:00:00,0.20036561671504,-0.213762593541829,0.76717506207335,0.980937655615179,1.17157697298401,0.420665847186051,2.08299966815524,1.66233382096919
"259",2017-10-14 06:00:00,0.494689546242554,0.26617518789046,1.05374837434171,0.787573186451246,1.05301918115207,-0.0234895159328992,1.70540048482612,1.72889000075902
"260",2017-10-14 07:00:00,0.133256450447754,-0.170031333400174,0.670679553319759,0.840710886719933,0.826932847694235,0.149682605926836,1.91983432090759,1.77015171498076
"261",2017-10-14 08:00:00,0.671666666666667,0.146859688486201,1.37297425437061,1.22611456588441,1.25833333333333,0.117258427693219,2.07496112486558,1.95770269717236
"262",2017-10-14 09:00:00,0.722438033016322,0.189633269046072,1.32804091197881,1.13840764293274,0.971297854154589,0.146985839967564,2.115,1.96801416003244
"263",2017-10-14 10:00:00,0.449639819047825,-0.0717463403274621,0.960065124525601,1.03181146485306,0.897069990290717,-0.000376683244149736,1.80460645140276,1.8049831346469
"264",2017-10-14 11:00:00,0.494857263532018,0.102391826444359,1.17710657466679,1.07471474822243,0.611666666666666,-0.0184665122344993,1.2127882694903,1.2312547817248
"265",2017-10-14 12:00:00,0.77413660856863,0.318331707871115,1.11653958430819,0.798207876437076,1.30280486780438,0.130675315869651,1.87146577866393,1.74079046279428
"266",2017-10-14 13:00:00,0.657041820711124,0.0212092518588298,1.24521894164636,1.22400968978753,0.458155762729111,-0.712111632839477,1.33025007456474,2.04236170740422
"267",2017-10-14 14:00:00,0.416256272250682,0.0176776695296636,1.01815632140406,1.00047865187439,1.08286129120668,0.133618580878803,2.07848409975574,1.94486551887694
"268",2017-10-14 15:00:00,0.475741102936757,0.131884401112333,0.866371861987359,0.734487460875026,1.00821156520914,0.051986262096875,2.15054506472727,2.0985588026304
"269",2017-10-14 16:00:00,0.681279063359102,0.150795951066841,1.22559632769366,1.07480037662682,1.02544553829869,-0.652990143728803,1.85115186336589,2.50414200709469
"270",2017-10-14 17:00:00,0.629193240199152,0.0568159225543713,0.993660979662752,0.936845057108381,0.630191492894309,-0.0714434508311756,1.69407188091408,1.76551533174526
"271",2017-10-14 18:00:00,0.725451355030014,0.217780497821588,1.29638353771671,1.07860303989512,0.955402004393594,0.212610129824871,1.88158864433475,1.66897851450988
"272",2017-10-14 19:00:00,0.69791308673871,0.253214500449282,1.04497538809926,0.791760887649976,1.01123549545442,0.0775643390624926,1.62778665075185,1.55022231168936
"273",2017-10-14 20:00:00,0.359709388887735,0.0743676498106563,1.02250867147717,0.948141021666511,0.793019172337914,-0.0901671610614869,1.37367346767864,1.46384062874012
"275",2017-10-14 22:00:00,0.21503488089145,0.0851209734306362,0.743699854919928,0.658578881489291,0.686620225830611,0.11984810583789,1.36083333333333,1.24098522749544
"276",2017-10-14 23:00:00,0.481666666666667,0.14609448725936,0.834947703580849,0.68885321632149,0.74798807487556,-0.850459105655391,1.32033328113988,2.17079238679527
"277",2017-10-15 00:00:00,0.495787374578407,-0.0137637381454101,0.916988854141244,0.930752592286654,0.202412231246544,-0.75675948089894,0.805063558108924,1.56182303900786
"278",2017-10-15 02:00:00,0.182366382414459,0.129691942694988,0.605416666666667,0.475724723971679,1.21374185689043,0.58632831139884,2.38666666666667,1.80033835526783
"279",2017-10-15 07:00:00,0.722019161358957,0.306709924633439,1.16446244149077,0.85775251685733,1.13898807917749,-0.572251397120377,1.73687948749816,2.30913088461854
"280",2017-10-15 08:00:00,0.767983980453158,0.0415772883775952,1.36561032660157,1.32403303822397,0.8265398163642,-0.230099107140753,1.39764711739453,1.62774622453528
"281",2017-10-15 09:00:00,0.416895692071096,-0.0736793292374368,1.08444268849066,1.1581220177281,0.797900952403832,0.258817224582878,1.46257112292252,1.20375389833964
"282",2017-10-15 10:00:00,0.62513352109123,0.217407014765194,1.04592137062244,0.82851435585725,0.533502943589352,-0.445867168511551,1.51658636073636,1.96245352924791
"283",2017-10-15 11:00:00,0.485147008200675,0.0735832350428696,0.827456355344498,0.753873120301628,1.27795142422349,0.247645202043219,2.04324885244353,1.79560365040031
"284",2017-10-15 12:00:00,0.518384450937079,0.000238574260204689,1.10362647941187,1.10338790515167,0.851595096463205,-0.289840475616139,1.44956636970505,1.73940684532119
"285",2017-10-15 13:00:00,0.855544455851335,0.263879030624645,1.28927575710469,1.02539672648004,0.758101593132547,-0.498058731476519,1.38199743981299,1.88005617128951
"286",2017-10-15 14:00:00,0.640280297402669,-0.141102192618587,1.32923303796668,1.47033523058527,0.610866520896776,0.0556367302224748,1.29930871043028,1.24367198020781
"287",2017-10-15 15:00:00,0.918978970508688,0.36763303419126,1.2622260219293,0.894592987738043,0.272585854491523,-0.459744017728791,1.22859803231163,1.68834205004042
"288",2017-10-15 16:00:00,0.903804246536345,0.472179335363381,1.24736767228968,0.775188336926303,0.505179985795939,-0.180397843867656,1.3829385390805,1.56333638294815
"289",2017-10-15 17:00:00,0.726440504743183,0.0835317939675573,1.13816839753272,1.05463660356516,0.576494445805493,-0.374796549748932,1.64395261398801,2.01874916373694
"290",2017-10-15 18:00:00,0.68647012358839,0.214811910977458,1.02820649437495,0.813394583397494,1.00499965871813,-0.174048274370739,1.99928233619433,2.17333061056506
"291",2017-10-15 19:00:00,0.558145491319736,0.119770183517837,1.28119065774369,1.16142047422585,1.00052691916288,-0.208707377096236,1.53854383627202,1.74725121336825
"292",2017-10-15 20:00:00,0.671098817859465,0.204705767417254,1.12235575460153,0.917649987184271,1.24712624362802,0.11193978634986,1.73475590988566,1.6228161235358
"293",2017-10-15 21:00:00,0.666208992618652,0.363199865872462,1.01858856820556,0.655388702333097,0.0897314683635774,-0.709554001004772,0.855813651840655,1.56536765284543
