"","X","index","anger","anticipation","disgust","fear","joy","sadness","V9"
"1",NA,0.173153455930965,0.0700027259908858,0.0398983264543458,0.231331804155863,0.107407601846419,0.132236956821395,0.145589418440292,0.0810144819906202
"2",NA,0.2108261757172,0.0270563649578913,0.0536740385598783,0.223925926994481,0.0790310825895268,0.142374845069788,0.14092185553152,0.0811287832528362
"3",NA,0.135687106629915,0.0435789013870933,0.0773444670438965,0.189171944362136,0.154651870614139,0.114074050622057,0.154864306267237,0.1179873447601
"4",NA,0.13799435345491,0.0587466847131872,0.0575286912296949,0.206556230135672,0.158786623040797,0.107927721279316,0.167480982294789,0.110135516009242
"5",NA,0.167009476278508,0.0148142807054721,0.0547210865765228,0.246000294797156,0.168100867020439,0.145852673806179,0.123486190215567,0.104428582048719
"6",NA,0.170228597193626,0.0496767229834251,0.111202252085181,0.236716507164456,0.104574036516826,0.163554205019343,0.135420127255253,0.115579617384942
"7",NA,0.16345081257915,0.0349156051558073,0.0517567408232845,0.217256996226195,0.169090264995812,0.122878760345093,0.158604325042237,0.129693627192408
"8",NA,0.164584078734279,0.048054378230044,0.0477366598736835,0.233182375689884,0.162641235867729,0.114433558877944,0.10774211206714,0.130696235685941
"9",NA,0.159870818763121,0.0206994830303336,0.0649467649417964,0.188349171188064,0.174906625069369,0.132487073649883,0.124364255329641,0.125113817407
"10",NA,0.158733521841443,0.0159838143097441,0.0881203953895331,0.193605975949666,0.137333086531856,0.13590246963305,0.132065819438109,0.104323668539886
"11",NA,0.170837155353646,0.0288108901753337,0.0987577108653254,0.207033893044732,0.135042986749978,0.133573046331016,0.132410167620226,0.052483525848032
"12",NA,0.161164027052011,0.0625748211818234,0.0849267805688373,0.176188123524911,0.152218815887631,0.138178859839582,0.144682196368665,0.0641363126239392
"13",NA,0.158505460502747,0.0478664108948725,0.0755387540361547,0.190574082486548,0.131958267527047,0.187605542472526,0.114092982936384,0.074493270774506
"14",NA,0.143618641782123,0.036850240454345,0.0439521977648583,0.226712846262722,0.145826552282872,0.139057466297264,0.138889259752831,0.0840318680761035
"15",NA,0.273168056493152,0.014880966284008,0.082848425898709,0.243816933196011,0.0581780282557849,0.162272455792138,0.124049601533493,0.0281455242332793
"16",NA,0.117616837043563,0.0669312581276196,0.0806428802643755,0.245974983477574,0.0517294714973943,0.203418362488224,0.159045631755496,0.079797377503363
"17",NA,0.25546432294993,0.0608985946017993,0.132515544053404,0.334618637853235,0.0544867262632392,0.059535215884294,0.086367364601692,0.0405270452409701
"18",NA,0.249308533903667,0.0293543778324781,0.152575897678613,0.207720417812451,0.129463495046803,0.141067103830567,0.181195584666754,-0.0037333451682806
"19",NA,0.212776265407985,-0.00587617858649405,0.0942231908521575,0.207667739083014,0.262367651636539,0.11457715481914,0.0672575281638897,0.0946537809837559
"20",NA,0.153147697682347,0.044856413003066,0.0700894065696293,0.199003010920534,0.167930498495008,0.116793287752698,0.155458757160451,0.101791563442911
"21",NA,0.181525841617824,0.0229447280571085,0.0772904040207064,0.252730651482739,0.0821774813946624,0.16444503751829,0.14594113837054,0.0636827269173389
"22",NA,0.198484073290035,-0.00140928312964887,0.0867883421561667,0.236796246071858,0.107050018201456,0.138000523350309,0.112951079391896,0.0874077523012176
"23",NA,0.173935618821464,0.0420848829851293,0.0695966002216271,0.227262757161668,0.137766440163595,0.139830450760384,0.14981008010302,0.0186625457714015
"24",NA,0.213773470030878,0.0202871662943416,0.0615602483583971,0.206335837828371,0.11263343300784,0.161300821643851,0.126767311067259,0.0814116488164632
"25",NA,0.193219544939297,0.0176784139701043,0.0886849082826346,0.236683532360241,0.0962520241629565,0.194043534791903,0.0851018068961801,0.0689710062274698
"26",NA,0.213536072431614,0.0143895652808153,0.0861420004414537,0.208737839229634,0.0796687059743122,0.165456369730795,0.10485249198715,0.086156027597346
"27",NA,0.204328260528222,0.0433510813371486,0.0722845015763343,0.225652809077367,0.067257581259376,0.160365110207375,0.093548936833032,0.12057171086772
"28",NA,0.222412802870926,0.031232749333044,0.106476349281697,0.224739794574912,0.122733556842458,0.1107216087345,0.124409214487221,0.062430726032852
"29",NA,0.210334990461719,0.00716153863027767,0.0807945423544188,0.220771951832307,0.118937069637852,0.191028716302085,0.0955461620207773,0.099838480209126
"30",NA,0.244123555781387,0.0530105460282208,0.086272102734872,0.288427462349299,0.0978717554302234,0.174123675621171,0.0859317209185649,0.057191246739315
"31",NA,0.227762690456473,0.0382195342148321,0.0660814622583975,0.198626823157442,0.14428826463238,0.15034975014642,0.0814657878225628,0.14085281967148
"32",NA,0.241373367561204,0.0120824451582147,0.100178343617907,0.293234309494779,0.060970524293716,0.145178373440253,0.101650962900737,0.0544023085598349
"33",NA,0.307743207094009,0.0307852173450627,0.0844466047967231,0.246770973035635,0.0511317722348983,0.136316383605346,0.0641610290388331,0.0693828222287011
"34",NA,0.206037074554978,-0.0125178112462634,0.0469530640131783,0.275935485475664,0.0950915397705363,0.18476413349411,0.0825527731263546,0.0872524924447306
"35",NA,0.228418200085817,0.054957331259243,0.063781875568555,0.239400527267421,0.0660430229595234,0.149102995512877,0.129634226547326,0.0276111967875275
"36",NA,0.288962942073613,0.00848028322058774,0.0694881104770306,0.260856871117902,0.0654499471711281,0.204633596915208,0.057473492430083,0.028724693641846
"37",NA,0.260612993019369,0.0137818657307075,0.0832939269139684,0.270799612724092,0.0342323593772771,0.171540883242962,0.110973187770381,0.0353999428520284
"38",NA,0.192968897254865,0.0175322409371374,0.0506205729176905,0.27056006715085,0.0814265436712043,0.0573835868746942,0.167006435486042,0.121440728380636
"39",NA,0.124481639285005,0.0183069137977309,0.0473893880199562,0.150194111489883,0.220212519537895,0.0676022444511294,0.241537031718875,0.117636143386101
"40",NA,0.197411237651338,0.0225373232185672,0.0384013905938526,0.329002149646457,0.131091721435957,0.0730214929844387,0.13523528877348,0.0784561978535181
"41",NA,0.24063751489383,-0.000483386797682131,0.11792369711403,0.259276199121392,0.0634078547565723,0.156151312997297,0.134543602770382,0.0529566565927424
"42",NA,0.351708792780616,0.015026116922979,0.0569989510342262,0.379305415111716,0.0432102633236284,0.154278419544246,0.0592960792858533,0.027128027599787
"43",NA,0.226479420011384,-0.00587617858649405,0.105962087279037,0.222698114286804,0.12163698602765,0.14752599749836,0.108400507374022,0.120820198469222
"44",NA,0.212020100149206,-0.00449967516745081,0.0418287427837779,0.349406144656027,0.0301831182075762,0.10659794844419,0.137518046277119,0.136016209676198
"45",NA,0.192281442498316,0.0184603327444125,0.0899758150555301,0.279440787210894,0.100851914645089,0.168446337806129,0.0616092808048039,0.0796720986140343
"46",NA,0.244385420341404,-0.00338524349163888,0.0743285970480613,0.26665013638565,0.0792409711751583,0.138007433570607,0.0902984808174922,0.0765429557865547
"47",NA,0.23347597852692,0.0537482742376495,0.034793779676727,0.305206036143301,0.0801827441954154,0.11884192230911,0.106535180367226,0.0261654605319415
"48",NA,0.180284376381491,0.0260027835342422,0.0849560028110429,0.268805006289197,0.0600436061837655,0.169236106187061,0.132303434704469,0.0624386209561318
"49",NA,0.277120327988418,0.0334435362091183,0.053602701290118,0.259854729400828,0.0479192613286292,0.138981154230385,0.114155484509653,0.0555575766736364
"50",NA,0.203627935008927,0.0111115536281843,0.102133764870067,0.260437777889807,0.086372578135398,0.147200165860387,0.102697289160691,0.0453580081196589
"51",NA,0.226548535279192,0.0318173366294919,0.0678352097028778,0.268425511569463,0.0584398331263373,0.221128957087869,0.0486148301489122,0.0645497781424323
"52",NA,0.273173421915314,0.030245337622027,0.0294577081375667,0.260313567255263,0.0741987163000476,0.0938227759677496,0.130415149511252,0.113530125448389
"53",NA,0.232012051442489,0.045153255379543,0.0480123530306921,0.254285528784892,0.100845138797525,0.134629265306151,0.125858050577932,0.083617808129339
"54",NA,0.28373106500446,0.0320421508780085,0.0785066327394773,0.209083450443147,0.163157395986278,0.14307169517902,0.101108107720336,0.0762515676523255
"55",NA,0.300644353671013,0.00329432139883184,0.0562191303110448,0.262992040018156,0.109036029498857,0.106750386746599,0.114419762953981,0.0942911077615045
"56",NA,0.316475539083351,0.00307224455171742,0.0912238230319383,0.219827487199586,0.0978194393610416,0.115769116471623,0.0571531027480506,0.107729882579336
"57",NA,0.34540053826197,0.0275511896558544,0.0527568450211556,0.158884489149085,0.108697045393157,0.103439608424658,0.0916411170495545,0.102367176423774
"58",NA,0.224939208465776,0.0158431347313997,0.0419018023595814,0.193260267358552,0.147938695695309,0.0939220931364048,0.111685217887522,0.136578331998743
"59",NA,0.336726571984114,0.0322183680177048,0.0899507418188691,0.197161530267832,0.0519653214288491,0.1224652000958,0.106684696300227,0.0217769460748934
"60",NA,0.252927919746396,0.0200346756336029,0.0573051207726698,0.200825261694839,0.0892232845434717,0.185147808989952,0.0974901231985667,0.0811157424679013
"61",NA,0.284211882427064,0.0590384585311592,0.0517915758023632,0.195760514647412,0.0916449866831025,0.0750932157192905,0.160991838291329,0.062102299529065
"62",NA,0.265601807207172,0.0303823542980433,0.0871555617119186,0.162101229142975,0.0841107920075451,0.131083589756441,0.1132094200615,0.0852943184875248
"63",NA,0.344239668118706,1.93601347735529e-05,0.00487501524788657,0.0299911217845971,0.127871820832964,0.0381093387917513,0.0172213216844977,0.0957975218031514
"64",NA,0.309068203729493,0.0133282998788653,0.0637412450739983,0.153005576219311,0.131862685429875,0.104427726725051,0.123702696271012,0.106020368830004
"65",NA,0.294260484038284,-0.000483386797682131,0.0031497924240238,-0.00660336525155977,0.0118832075142874,0.200986735027205,-0.00135296322076506,0.014964933991599
"66",NA,0.285565065583692,0.00954654606901098,0.00553308223315137,0.0122076212395413,0.0136626779384258,0.163133685172537,0.026418654162045,-0.00789912863938368
"67",NA,0.19256382072787,-0.00587617858649405,0.00045152068996708,0.00665516907795316,0.0107495199816605,0.0103662907645608,-0.00117592778100341,0.0260883736649431
"68",NA,0.143102609154941,0.0423328068606951,0.00515123027974639,0.234415697334165,0.147041736278125,0.179714758325013,0.223235087719286,0.0340767090746717
"69",NA,0.241178294901082,0.0430324207825838,0.074832842222754,0.199931089237113,0.102357159083914,0.098899099369583,0.136405764929015,0.0941013388531638
"70",NA,0.271745597172155,-0.00752829164281261,0.0842210849111159,0.204145429550523,0.111121622158292,0.134237950061056,0.12476039598647,0.0433649634364896
"71",NA,0.246511584992432,0.00272264775331925,0.0748818560978039,0.129562683170357,0.129072643735122,0.116618094938118,0.128696860669443,0.130883004631693
"72",NA,0.203829700108144,0.00982308608669048,0.0752068075050207,0.271349731249632,0.0852850803542605,0.103903162806988,0.127950666519612,0.106721702417052
"73",NA,0.209613727772393,0.0632193868524249,0.107597851269539,0.111337997577303,0.057022514315444,0.120838826761728,0.113837427788659,0.197167039293294
"74",NA,0.253955225636821,0.0144516752181999,0.0815921467562422,0.230538590629054,0.0349244644968961,0.191797635514268,0.0973960735718986,0.0542832608497403
"75",NA,0.271026763027291,0.014310623064744,0.0764846491984585,0.177212770830915,0.0955577177375054,0.168597600724607,0.0592968009552529,0.124873066147802
"76",NA,0.252382374757856,0.0238931601564699,0.0886929850869577,0.228606024843767,0.0893185509150919,0.126805811845189,0.0739477710319161,0.121510123520361
"77",NA,0.261451612490115,0.012301904192147,0.0877071777455241,0.23584206306801,0.091612553042433,0.163044371140091,0.0570480518030677,0.115405717967174
"78",NA,0.220124677204102,0.0543448238158467,0.0501848099596522,0.19117730385918,0.168728975560716,0.0967740750167529,0.163138129022741,0.142479271164061
"79",NA,0.258928259547844,0.039806782409306,0.0406236028766827,0.174326950575656,0.0672001433073554,0.177449619873018,0.134783162477806,0.154528611292317
"80",NA,0.196652578249681,0.00966868804634009,0.121827965281983,0.211006009675377,0.0717308223782079,0.24319529154252,0.0908403791418246,0.0641489007107109
"81",NA,0.249616752673573,0.0735662057092407,0.0656529129631905,0.298170742773166,0.0342336781526954,0.133880378136352,0.0854923075939485,0.0501250313770428
"82",NA,0.258490124960282,-0.000783394656494567,0.0882096021021141,0.263718193031598,0.059166816197755,0.0425290911816075,0.143063169026183,0.111675149790244
"83",NA,0.158884607255041,0.0277045542424578,0.0547899684927282,0.1947679701119,0.135122030787791,0.16393657479228,0.105074947429944,0.118668722876147
"84",NA,0.21915582247114,0.0285638468213196,0.0744891455349086,0.188388815006363,0.187721389889842,0.140174502964326,0.0322365808145124,0.113339833544987
"85",NA,0.243437747851858,0.00435186880012734,0.0932928215305936,0.271957662718095,0.0363597193266362,0.177956083219717,0.113726583756081,0.0395522844276774
"86",NA,0.166714192702313,0.0136382573780726,0.0420747732221348,0.181484432789385,0.162860519399296,0.136776177397306,0.13961398795261,0.115776731832003
"87",NA,0.197880767463258,1.93601347735547e-05,0.0859847391638387,0.217704148908457,0.141074374997347,0.119280338848256,0.164174750402156,0.0612415117684892
"88",NA,0.267681487100082,0.0133282998788653,0.0636223643206987,0.210410659073769,0.0803131874568024,0.21852275926634,0.0810300623432959,0.0702479827177556
"89",NA,0.150809178909702,-0.000483386797682131,0.0980686159878314,0.266302661647579,0.203448979524169,0.00444271095017212,0.123932597253687,0.177892093973104
"90",NA,0.177226584592052,0.0425828426998331,0.00553308223315137,0.371224787978799,0.161168867617629,0.00556596148447096,0.199403881113212,0.124246057883904
"91",NA,0.299672796668649,-0.00587617858649405,0.0330875117323671,0.156297385138078,0.0107495199816605,0.160008506824686,0.148466288279122,0.0260883736649431
"92",NA,0.223316308088438,-0.00449967516745081,0.0704232123645464,0.213743047712734,0.050839838776288,0.149700346488374,0.052578211136702,0.0688938006138398
"93",NA,0.306411689350929,0.0114109687046234,0.0969750308096604,0.18499432939267,0.0654358371374445,0.197913471329346,0.0533873284599307,0.074209354194604
"94",NA,0.227572397200315,0.0160793836431625,0.0751913599272063,0.21683410789519,0.216361306479027,0.0829712920151427,0.0571694810783031,0.0738894233949419
"95",NA,0.178943685104762,0.0238773627882114,0.109517022000522,0.205837632394562,0.165009103896663,0.132508679774374,0.0502134503239682,0.0930424397052258
"96",NA,0.254612774670592,0.0184323607805661,0.0721010500952865,0.223762758820339,0.0543229433010285,0.112905551867306,0.14459717014292,0.103335327369361
"97",NA,0.214587553960954,0.0531765733910473,0.0780156541368178,0.265143049730477,0.0670939088519649,0.103785772424002,0.113253960211248,0.0855782989242747
"98",NA,0.179640456747953,0.0485831477591368,0.109454524472989,0.264528010179904,0.0453239089110278,0.105497531866484,0.0873825075752422,0.118528985160384
"99",NA,0.267719389798208,0.0165577086322334,0.0701158117090308,0.32879169588847,0.0417562511246395,0.137094389632858,0.0599958939898843,0.0653288509112518
"100",NA,0.217076162512659,0.0357899644220924,0.0955870662548911,0.216448090351271,0.0666391126585941,0.146934934224083,0.14889034501331,0.0777911267207088
"101",NA,0.215688628754088,0.0299480198854165,0.0654719558035643,0.174139425348939,0.169993888728467,0.112970951355984,0.0728750321948508,0.183325549377253
"102",NA,0.201765561715861,0.0447648075498839,0.0732435714730927,0.227996485935219,0.0365577412525318,0.235371015707055,0.158254972730056,0.108997909239352
"103",NA,0.141853194745782,0.0728059782669994,0.0746733197234541,0.131389498901742,0.167028177204851,0.145171898999605,0.135297322378051,0.179427742139502
"104",NA,0.193627520454429,0.0116317634936668,0.100019236684917,0.195109266530809,0.0851066101734424,0.105515092978897,0.0910602508605196,0.227000893849963
"105",NA,0.231342478347388,0.023599756233357,0.0624546944781782,0.26373411699781,0.0625684256657334,0.141988340500869,0.120502713325075,0.0845474838307984
"106",NA,0.171977005392789,0.0247140579016138,0.05742674583337,0.187437176456183,0.083467640154535,0.178870725423995,0.162192602145423,0.0999827983253793
"107",NA,0.272292652902662,0.0121358631400425,0.060966899674504,0.176776750044485,0.0678681721142118,0.136040912052404,0.101234760710864,0.131633365349115
"108",NA,0.180194851810534,0.0859957670067027,0.0921480540061309,0.244894490885009,0.0723473057646089,0.152204731706859,0.118024601269728,0.0382601345978269
"109",NA,0.185942193708252,0.00846303305226928,0.103496567462778,0.154849240798354,0.082445547542604,0.19522499017647,0.104267439192766,0.145945759697292
"110",NA,0.206910105447203,0.0795309382102349,0.0329184645306692,0.148531051332405,0.121037086924049,0.135536745115889,0.174423887366681,0.0600507937459894
"111",NA,0.158217259997556,1.93601347735564e-05,0.0312987095350118,0.258888161181985,0.142968530948529,0.108389901782187,0.236136208639623,0.051441859466909
"112",NA,0.0119768226731006,0.0133282998788653,-0.00670545794072486,0.251498156027188,0.0410861018024957,0.209928754698857,0.18595857935858,0.0383575963057774
"113",NA,0.343937141803296,0.11851213684508,0.122145316066786,0.0528943965698213,0.0713809693356685,0.182935996414315,0.117642560421997,0.014964933991599
"114",NA,0.0837648312128072,0.054142612626604,0.00553308223315137,0.135903981433574,0.140290603550528,0.251661538647998,0.132862900816654,0.282792515081736
"115",NA,0.217955877340052,0.0329884272706978,0.0734906911168839,0.194738158587348,0.14721837031097,0.126960108336136,0.0964283166911137,0.157867182706785
"116",NA,0.166097546949414,0.0296477071845006,0.113046293102394,0.198088725106532,0.0421597777623076,0.123959745520282,0.303299264412519,0.0327715749886952
"117",NA,0.107652508936482,0.0123004706305933,0.0429316366022182,0.18792847148642,0.186979341369379,0.161012343844631,0.0809761990642849,0.210957037445199
"118",NA,0.153327474354859,0.0219650727881132,0.0274270106108779,0.203778239332304,0.107061434200639,0.171576675969663,0.108827912165773,0.172104932211059
"119",NA,0.155331457283675,0.103377719343208,0.00184775876178702,0.291559473188967,0.0615149773979249,0.118801415276612,0.134179271433507,0.0923373033026078
"120",NA,0.206172050839829,0.00515430168052626,0.0651742261378794,0.275282043230502,0.0599035182955394,0.146271959356813,0.102623133540206,0.123488703966104
"121",NA,0.152132027683696,0.0406866545652152,0.112376277167776,0.265959510391282,0.0641174813584342,0.126757123279268,0.14330076254537,0.0753049346397445
"122",NA,0.12670831479888,0.0440461988512224,0.0173311472236457,0.220616172710348,0.120891249573099,0.134095081264456,0.19522363699496,0.100027271256509
"123",NA,0.183448984970928,0.128811522166929,0.0812440528743049,0.213717889348818,0.0566862026358033,0.144784179997157,0.102049455906775,0.0766177037858606
"124",NA,0.112457637667402,0.0249510787638521,0.0416528404580822,0.141104459324361,0.203181719073007,0.146686278414803,0.205156335122858,0.129966453333243
"125",NA,0.112535235525862,0.0369476253027316,0.0737258864092694,0.109612063561225,0.208118814253851,0.0701114918970356,0.198714879270639,0.214647455227949
"126",NA,0.205220084214515,0.0863316081987251,0.0648363533056992,0.18737418529951,0.114523518167757,0.132997865406927,0.187049576969512,0.108618874040408
"127",NA,0.12909411560621,0.098385737378623,0.0607386464798503,0.322289695970036,0.0654893227646491,0.228881709312927,0.0843900020203856,0.058377902827305
"128",NA,0.196186428355279,0.0311431027209966,0.0129250731155038,0.234545170553986,0.183940296939489,0.113652655974634,0.0529987389470516,0.183679168419704
"129",NA,0.151188499954984,0.144781467147668,-0.000932942317539667,0.127836542041357,0.239886834346257,0.0504162637270968,0.179015602635475,0.0985457418439094
"130",NA,0.139729349856431,0.0152083767937676,0.0492096311267628,0.180927356196912,0.0983216475621675,0.0941061678378688,0.19127965618883,0.197286566070548
"131",NA,0.233426285797595,0.0167575908279226,0.0896766253433917,0.228217976058144,0.0388716581649999,0.0928244168214031,0.145817966358013,0.11335685661682
"132",NA,0.235283586437678,0.00515430168052626,0.0493785315840299,0.231905988494853,0.0505418518082057,0.139986076200546,0.128780622661028,0.143038978180532
"133",NA,0.0513388467338506,0.0473387264151274,0.0774033209574241,0.124354369927278,0.374020342797317,0.112974199955375,0.0912787231328377,0.101926241711575
"134",NA,0.126271797244371,0.044137140722146,0.067698419677764,0.178096088655958,0.092655628630784,0.125225547039376,0.221777010721157,0.103077439981564
"135",NA,0.246192610588146,0.0163918591416302,0.13675790918705,0.324051065948964,0.0462292356731327,0.0700934356537996,0.0708209182158613,0.0768229572779922
"136",NA,0.11865831670061,0.0133282998788653,-0.00670545794072486,0.339978018570774,0.277018538094859,0.114943148052492,0.140534471370256,0.00740146743047759
"137",NA,0.211807118989963,-0.000483386797682131,0.201609266435134,0.221726355040279,0.0686320610948754,0.096204886385545,0.160147799517193,0.0647693507832559
"138",NA,0.0219166511157909,0.00954654606901098,0.00553308223315137,0.20075579402824,0.054800920099821,0.089867068013665,0.0675568963234402,0.351479940398755
"139",NA,0.0825012855253058,-0.00587617858649405,0.0772915583129823,0.263732041853504,0.221895930844519,0.087206328387576,0.208043858642267,0.112852307380327
"140",NA,0.233962373915101,0.142145577553378,0.159657399547177,0.165100485947681,0.148011774970976,0.0344776043576424,0.121186716005176,0.00452870272951389
"141",NA,0.225855443342988,0.0578120920580097,0.0268891651652853,0.23039722001223,0.120317060063626,0.0621003052911951,0.123208893591224,0.144157829854651
"142",NA,0.239799116741146,0.0662554243447883,0.0352399213796656,0.215302282052965,0.0738733601096165,0.0636792450495598,0.143369162841599,0.128550239113949
"143",NA,0.179738749421597,0.012973149009548,0.0127115286529714,0.265829847874524,0.0911495729533899,0.135348902842953,0.146819845523806,0.1143777797095
"144",NA,0.166653388958387,0.0705849280985148,0.0245554874914105,0.340035597881395,0.0228003904868891,0.178329457917366,0.0795556076712853,0.101555078542153
"145",NA,0.131414995992105,0.0824098102638064,-0.00237789083451784,0.215100649771943,0.0310189370026908,0.134601457067992,0.218750283255382,0.169716529111384
"146",NA,0.154239904749548,0.119399964015869,0.0614303180551679,0.171014407729033,0.0838643307287572,0.125859178197736,0.0968418836272556,0.146289085569754
"147",NA,0.187616559757335,0.0137924380781424,0.0846295981706594,0.259986186508159,0.0816868027380426,0.172076902900578,0.092854474815438,0.0947170287182209
"148",NA,0.0887436216074298,0.037505457474803,0.0595244161731695,0.232131503792714,0.100537004637028,0.200709818790962,0.12350834373091,0.162496635950593
"149",NA,0.0424666020546588,0.0803906822392753,0.0522599718204234,0.132139463259737,0.214530414244853,0.0811137923445566,0.105994761698769,0.31551776378629
"150",NA,0.247418240848015,0.0325336048218823,0.11261620221778,0.162771075658112,0.118151267226505,0.156236474194608,0.157700316519562,0.0995248841165883
"151",NA,0.179502122253549,0.0426133813758942,0.022966684348606,0.189228159428213,0.121107759923596,0.15443053276261,0.168148745875818,0.1696497463917
"152",NA,0.13451918373677,0.0488140866754082,0.047224895487757,0.248189981681347,0.147466239138947,0.0729223674941111,0.153179765990364,0.15675411482194
"153",NA,0.162334221099377,0.0158454324939984,0.0756244897129884,0.228773216671873,0.0481668431664562,0.212602930659324,0.1178085515458,0.129582324029392
"154",NA,0.0868880814876725,0.0371638352938717,0.0550285580028271,0.194112637202116,0.144347893453632,0.108195301373255,0.194305975959308,0.146026468860606
"155",NA,0.12248807199174,-0.00189390247571254,0.101351277285198,0.131171834614712,0.191975130316243,0.0861020119796239,0.122757820863662,0.204997131412822
"156",NA,0.149223928071484,0.0555563066216054,0.0328599105642476,0.180631716580868,0.113508342218995,0.058940089810296,0.206932668204574,0.186416974975329
"157",NA,0.17260806770448,0.0545815645057124,0.0806798577687809,0.196584417779515,0.0827251437475651,0.213790973011805,0.12156222036663,0.0581025267462964
"158",NA,0.185833566039786,0.0718346874973009,0.0414617640861024,0.147468090411246,0.160801210263933,0.122657272017704,0.168384678086843,0.0604978042702047
"159",NA,0.0692039530790115,0.057607194572123,0.010030630386745,0.40322125260804,0.115623281554599,0.17750671426299,0.0722570446613998,0.0819099205616659
"160",NA,0.146361025152294,0.0133282998788653,0.0978716008869241,0.162154784001965,0.151258674831272,0.0639139389473256,0.170889850446287,0.199378628012675
"161",NA,0.305541788364708,-0.000483386797682131,0.0817619928453626,0.30052590127466,0.0118832075142874,0.311571977476392,-0.00135296322076506,0.014964933991599
"162",NA,0.0219166511157909,0.00954654606901098,0.00553308223315137,0.0122076212395413,0.0136626779384258,0.00556596148447096,0.026418654162045,-0.00789912863938368
"163",NA,0.000388364548399328,0.0289916896198972,0.00045152068996708,0.00665516907795316,0.0107495199816605,0.0103662907645608,-0.00117592778100342,0.0260883736649431
"164",NA,0.188192902025554,0.0652360612453317,0.0604154938669639,0.117372206563883,0.13297707852911,0.170597248154166,0.269750941912123,0.00452870272951389
"165",NA,0.0942253905397696,0.00115369904309319,0.0942275145129947,0.0288270471434356,0.179618687101995,0.0798361978726154,0.201995501026591,0.310853972138714
"166",NA,0.162942787282897,0.00806498769885683,0.0746172397955865,0.179348537951369,0.0782156086527296,0.256961795573374,0.123116900268822,0.0828008944096541
"167",NA,0.0844841322242631,0.0474092936881302,0.0138085760878483,0.192911223337803,0.136775779262558,0.0586184580460049,0.198128697173855,0.226813216167827
"168",NA,0.177906049720912,0.00515430168052626,0.0801104988830042,0.238589392103572,0.113905761260188,0.13005018371837,0.146066108741614,0.092287640939214
"169",NA,0.226072670102182,0.0311349621245803,0.0453570356950663,0.222524205023055,0.104492574115792,0.131055731831162,0.170296113745666,0.0497014789932823
"170",NA,0.152206426060514,0.019029303537189,0.0748939867007816,0.188271350606069,0.118944588289524,0.130045421871036,0.141357020241258,0.134190975366749
"171",NA,0.103659529301031,0.0171127747971904,0.0747836552024587,0.126480870933211,0.234817231258869,0.0939460463509994,0.149596024985306,0.186963858857509
"172",NA,0.168658157032075,0.0476219846460531,0.0447474734713878,0.221884708650818,0.133774877409876,0.196996446575385,0.136706121099384,0.0547670332726299
"173",NA,0.190446234878047,0.0313814216004515,0.0846274003848413,0.252961967285225,0.0477364949963021,0.200336739252621,0.130915415395416,0.0860077776556594
"174",NA,0.228436523441722,0.01751322331001,0.0857235518500794,0.229649830040677,0.0838230506301153,0.213238678713633,0.0889545405068778,0.139612667109938
"175",NA,0.138068789993261,0.0130338852010044,0.0561655422287877,0.206439974844226,0.134147336975053,0.1769436439271,0.134159008487419,0.188688950703136
"176",NA,0.127175524024371,0.00855215536637929,0.0976229601777,0.184513076247127,0.138731334728654,0.128486121333307,0.115450867083491,0.208538596065615
"177",NA,0.0767488708293959,0.00639139404012128,0.0846698608327487,0.198259030911393,0.201503182157435,0.127961124194824,0.181489448636572,0.113715097776719
"178",NA,0.196898331543263,-0.00468415149141015,0.0854224731606421,0.142894858279959,0.102074319396394,0.128924889839627,0.224704451741409,0.0898335791634048
"179",NA,0.175565417289493,0.0933321533743035,0.0220964991066041,0.215820896888247,0.0282406174774337,0.176154931616439,0.139257603715951,0.108481256519817
"180",NA,0.152998331465111,0.00515430168052626,0.0120872389132567,0.151212493943624,0.174752977491962,0.118362738070614,0.148556326522112,0.220945528960193
"181",NA,0.136461076485548,0.0100054789764186,0.0284406018522604,0.138132762937194,0.167833896827103,0.07980133123129,0.180837778541743,0.239121844779229
"182",NA,0.129074856785755,0.0150581386930779,0.0376293371809457,0.19250461351959,0.138444606192514,0.174422657975964,0.0767329217244857,0.195071940600788
"183",NA,0.164756712017946,0.0136159000227601,0.0325225424485442,0.313826382417453,0.0927888948478244,0.0609007035756514,0.191499146065969,0.117449710290428
"184",NA,0.293692676758033,0.0133282998788653,0.100509335205951,0.111063918171465,0.0902431968202882,0.100450645718434,0.110111641614123,0.185757087990451
"185",NA,0.30090517987054,-0.000483386797682131,0.073140003133426,0.225899082071089,0.0118832075142874,0.236945158272821,-0.00135296322076506,0.177477170604846
"186",NA,0.260710840002102,0.00954654606901098,0.00553308223315137,0.228146979686683,0.0136626779384258,0.00556596148447096,0.026418654162045,0.344282796019191
"187",NA,0.175484084288969,-0.00587617858649405,0.113283799833501,0.185899614919881,0.116099237349321,0.123198569908095,0.130601847778546,0.208956156868167
"188",NA,0.0224001112639014,-0.00449967516745081,0.00515123027974639,0.00684367938944816,-0.00649439429645535,0.12819701900241,-0.00919200373900737,0.0814517796525908
"189",NA,0.195999615285956,0.0566687405387668,0.0912530273693274,0.193566922842916,0.0358551555015157,0.159517681133318,0.134330473461954,0.123546393245455
"190",NA,0.0789434829482889,0.0262650824206412,0.0589788954648681,0.18411404435848,0.143773559879394,0.0965718405187168,0.115686666292709,0.26173517975019
"191",NA,0.307661874594102,0.0307430931399711,0.0884038897351158,0.215934045319372,0.0481991644815532,0.0811126954381458,0.123314027931233,0.0635805853487965
"192",NA,0.232208031632306,0.0381020841674264,0.0872158586498859,0.268971332158975,0.0215673800049184,0.159040679269641,0.131662490960721,0.0453020802035264
"193",NA,0.213166841867559,0.0119471469282589,0.123178590077238,0.305299789978488,-0.00851074445610558,0.166545296865432,0.136410423439242,0.0325974269306732
"194",NA,0.150715573259504,0.0975470077015907,0.0432788973507952,0.171629689398386,0.113964285178765,0.0914075730521447,0.188001965290184,0.102394081441751
"195",NA,0.144004596399557,0.0304055429545117,0.0591418226682706,0.30465705797754,0.082665354342428,0.117140569290902,0.121069669836489,0.128275378216878
"196",NA,0.174176017592387,0.0632965944646248,0.0558887564159376,0.297605898088704,0.040947733211995,0.164840836947575,0.120333290627811,0.0880676748085734
"197",NA,0.166608621061626,0.0798388444138282,0.0532777954716199,0.256841549109117,0.0740867167258221,0.0903346735446187,0.126446958814612,0.176978292307319
"198",NA,0.198263405835296,0.0125902629203299,0.0909659685962062,0.173973752640777,0.163236829781859,0.143527391734397,0.174591980045268,0.129802474048919
"199",NA,0.147316348642998,0.0436915718746791,0.0733159411278039,0.193458426993648,0.121581180007058,0.121495941350888,0.166385010011782,0.18040271235113
"200",NA,0.134590463204371,0.0302834942439145,0.0751776211499954,0.175967374520321,0.0968616489271997,0.135032541485356,0.0511259032779394,0.310031588217546
"201",NA,0.187579316016874,0.0106944252541858,0.0506527205084926,0.215227613512986,0.196137120740212,0.121186233952026,0.085085374000394,0.124175205394039
"202",NA,0.113162711974798,0.0948971140444756,0.0678321418769373,0.20779417860042,0.10891126649385,0.131751836284726,0.107375806193881,0.134343696164201
"203",NA,0.228348964444746,0.0371476536554736,0.0680896889913564,0.230351849968035,0.0578175636564002,0.220896144610292,0.0498429500698048,0.066454560592181
"204",NA,0.164359836917038,0.0176310041340976,0.09724798484987,0.180612389736372,0.109341510945798,0.189729413686822,0.154495095119081,0.0706527016583209
"205",NA,0.202860562630753,0.0233514132166895,0.122841529515469,0.207829808696632,0.0938512573205555,0.114653269195141,0.125922597392877,0.0893243336626689
"206",NA,0.159530181810371,0.0732815032445291,0.0232317949924186,0.285746865506885,0.101358835021001,0.10505962800598,0.0554021396031587,0.155328124488777
"207",NA,0.214363396718984,0.111114098174055,0.0358029551163705,0.161607007237461,0.0740509281619718,0.113961479831005,0.0668654564783578,0.209594669968371
"208",NA,0.260299101353026,0.0133282998788653,0.0087585119935171,0.0675891194100811,0.0396260649425597,0.0422278009493676,0.0471409864904926,0.30786856290891
"209",NA,0.151512152821972,0.0197711531337242,0.0031497924240238,0.312983419407579,0.171272194742271,0.139192461445074,0.188052550824444,0.0384797266494742
"210",NA,0.380239360314786,0.00954654606901098,0.148862165912749,0.2824720766894,0.170081887770175,0.00556596148447096,0.098083196001844,-0.00789912863938368
"211",NA,0.345901381614964,-0.00587617858649404,0.0586031418368311,0.297413274812273,0.0412965124934262,0.126669533058289,0.0688524798071245,0.114786987323573
"212",NA,0.0224001112639014,0.0224415329781644,0.00515123027974639,0.149854099737735,0.267157118382265,-0.00966701543305207,0.360028310371362,0.042090323139465
"213",NA,0.190856881718172,0.0550361153343237,0.0548273167882877,0.285056376539942,0.0478268653902005,0.167874479519354,0.169761614995817,0.0194983590931119
"214",NA,0.145613866194496,0.00937480652872493,0.0936394663805109,0.174529871318246,0.159934957074898,0.121606648733222,0.162736911023681,0.0986322243795094
"215",NA,0.0400223484996012,0.0535153507584838,0.0487213988230545,0.15150335095348,0.234555510803544,0.0572333740370565,0.264452525320084,0.108945516792985
"216",NA,0.0559115817575642,0.0706280097927181,0.0449790221168541,0.213926101765398,0.189232379517613,0.117591575534284,0.0901084490602997,0.201692817502668
"217",NA,0.186697019875559,0.0447305933880432,0.0487412272430305,0.147006392143057,0.176026924167506,0.0548970387795171,0.17941255043125,0.143123025602823
"218",NA,0.090543440957847,0.0215683230948488,0.0944378200550085,0.179422616056507,0.162138728490513,0.159621777758243,0.132324590817657,0.118881775442495
"219",NA,0.0507550440160923,0.0967077657492056,0.055331865468519,0.139586704201482,0.215951154211139,0.122633208945305,0.212342981366431,0.0940512677284017
"220",NA,0.176166917740975,0.0383127838799443,0.0828830929414389,0.215753839457289,0.104247178664475,0.0980369867459526,0.18152922942303,0.108226773304504
"221",NA,0.108911757683244,0.115690898249044,0.0613966263856406,0.0824912741492079,0.167598458028295,0.043424453883732,0.251946572830326,0.192953410239074
"222",NA,0.143712451640657,0.0812595341067432,0.0658332414933992,0.179908470992187,0.181848249565302,0.0532194248144768,0.112723637607515,0.268447055382773
"223",NA,0.109156870787659,0.051927074343488,0.0514407227525098,0.144843003945744,0.162330906904589,0.145440194585583,0.186764149510974,0.19574420952944
"224",NA,0.199858588401562,0.161163342235112,0.0687879403532389,0.139261705968803,0.105039129805078,0.0773484351989565,0.171155897494042,0.0864555955698509
"225",NA,0.0806984470572646,0.0791491366876634,0.051928165443888,0.18084023700577,0.101958537310386,0.154795786309635,0.221028971604103,0.1203387279605
"226",NA,0.126900829058003,0.077088105991954,0.0599713991017502,0.118037002184092,0.118605994149579,0.127152144836177,0.208944967855807,0.129368308455927
"227",NA,0.189355144937772,0.0553259431942864,0.0604384295880148,0.189810623975903,0.086784046585304,0.224945465739546,0.0699387563535558,0.0823509656139068
"228",NA,0.116864859282555,0.0247489311721634,0.0465364546465547,0.167275136215014,0.151075403722238,0.0840596896818075,0.262929818249635,0.130579644077432
"229",NA,0.112512053329272,0.15150751718265,0.0233932657296249,0.0247550508183698,0.198956569304855,0.0361695127870203,0.194955766841697,0.238385035637296
"230",NA,0.124180586440306,0.0418264102817743,0.159679238744958,0.188775233154867,0.0290069506533359,0.0908026462180907,0.185912623717695,0.138755383462094
"231",NA,0.212471748276361,0.0533107058387405,0.223719508761421,0.00177807060021742,0.130235300303161,0.00989628760737164,0.152943934047071,0.203004436252232
"232",NA,0.139313009656809,0.0425805077324004,0.0797316767369411,0.199829420426193,0.108686685057083,0.197651919662022,0.0378989180430866,0.199464664843075
"233",NA,0.141269664695631,0.0141427171290854,0.0031497924240238,0.279110920462726,0.0118832075142874,0.00444271095017212,0.284361322493521,0.014964933991599
"234",NA,0.0219166511157909,0.00954654606901098,0.130533082233151,0.155064764096684,0.263662677938426,0.00556596148447096,0.151418654162045,-0.00789912863938368
"235",NA,0.000388364548399342,-0.00587617858649404,0.00045152068996708,0.00665516907795316,0.250414519163306,0.0103662907645608,0.33215740555233,0.0260883736649431
"236",NA,0.0224001112639014,0.0274853174673619,0.0878312368265796,0.204188685117927,0.222835604066837,0.187677990295427,0.105472995442639,0.151178694545973
"237",NA,0.0423577159857069,0.0390720809020401,0.0305209964636669,0.0388287989817526,0.129762569816156,0.0229471750732228,0.260293743511297,0.116536787108434
"238",NA,0.0937467954985603,0.118793542087598,0.0683014094968442,0.159579336304194,0.0458066614603853,0.175455628149692,0.152875211520991,0.151510167115025
"239",NA,0.180678458883276,0.0180140028542041,0.0452290342141852,0.120903256730347,0.173829108457717,0.068211670580611,0.200164280474631,0.151919563793318
"240",NA,0.171972507608837,0.0738309687815073,0.073825036386267,0.237334368559718,0.0253846362425257,0.110815408302629,0.172353136232116,0.118553874933799
"241",NA,0.161626455329822,0.0483267994665395,0.0682191112495193,0.235329238036803,0.0596687833446195,0.10759244967603,0.159962695724894,0.139909238802558
"242",NA,0.164626868383887,0.0258983116828436,0.0827975686534875,0.139499097366439,0.12386939986871,0.159589381077908,0.117083803082551,0.145574642557294
"243",NA,0.128064856722847,1.93601347735564e-05,0.101526806738641,0.15705637156867,0.129943737602492,0.16338356457008,0.234142466512226,0.0732228278368443
"244",NA,0.142804471358421,0.099207653323509,0.0462782102921242,0.0677993105529509,0.220659420338902,0.0719691828756624,0.171612672803554,0.184825880612486
"245",NA,0.113640312174371,0.0605953776774251,0.104408991711186,0.134140807531389,0.0957997226010875,0.0829747102794236,0.236918773812016,0.195934755661665
"246",NA,0.21847340646378,0.0533549220119603,0.0698802793165701,0.213061138714759,0.0735773092563601,0.150038382216702,0.155956889495657,0.152609738127264
"247",NA,0.189053440541456,0.00966918448674435,0.108731589653528,0.211793528626822,0.0326502901063188,0.130859100319337,0.158830240234103,0.206059758391676
"248",NA,0.156229373305748,0.0552378841349633,0.0474893461308511,0.16446619530356,0.158896373516869,0.14376478193924,0.24051283854655,0.0424738421488635
"249",NA,0.205028015187024,0.00115369904309319,0.148261651802756,0.241588286295646,0.042458177766055,0.191925757486122,0.0847904725437347,0.0755319492547775
"250",NA,0.156661501474877,0.0272949521704881,0.0735772791460574,0.132374500803304,0.231829462718688,0.0912519793403508,0.124691865422103,0.12838721055742
"251",NA,0.186581788038967,0.0378443864029851,0.0583311278286064,0.135271370627917,0.110418834672997,0.0728965987619365,0.123688811212578,0.233916458442302
"252",NA,0.24502496189377,0.0529145763516801,0.109976933786133,0.194649660244613,0.0124528025042465,0.227395663415738,0.0928556785359477,0.048799660315271
"253",NA,0.13345905350088,0.032857042971481,0.06717550247469,0.277197467491058,0.0413383311637176,0.219058536150501,0.0947269656405192,0.114821872237939
"254",NA,0.0997584312016922,0.0496234674683686,0.0461869239249838,0.159159105959013,0.222100182799887,0.156223482359237,0.12114750023889,0.10473997872105
"255",NA,0.251264065280057,0.0397840618695016,0.133693420506502,0.259414881117447,0.0212050263554843,0.188003694655145,0.0835437031479202,0.0104511387545194
"256",NA,0.0921318049089118,0.0133282998788653,0.215516764281497,0.1149602361359,0.232352195149418,0.104346963682869,0.225119070689669,0.00740146743047759
"257",NA,-0.00158747816151245,-0.000483386797682131,0.0578388134814164,0.224543364658329,0.31844301778462,0.0599982665057276,-0.00135296322076506,0.014964933991599
"258",NA,0.125470837172016,0.00954654606901098,0.00553308223315137,0.219315993351992,0.0136626779384258,0.00556596148447096,0.314344689295012,-0.00789912863938368
"259",NA,0.200388364548399,-0.00587617858649405,0.200451520689967,0.406655169077953,0.0107495199816605,0.0103662907645608,0.198824072218997,0.0260883736649431
"260",NA,0.184462959426538,0.0779822011281131,0.00515123027974639,0.248487499419158,0.0316746240142084,0.0728148608625118,0.0894734772833976,0.29902378261297
"261",NA,0.355614056776633,0.00115369904309319,0.177341619216159,0.106076463531731,0.206144375056288,0.118740345455964,0.0257138822482187,-4.64319488794468e-05
"262",NA,0.0768403141636321,0.128188155567392,0.150742177812544,0.132691811897597,0.110960302850773,0.13583817197177,0.189383701310798,0.0414241160587822
"263",NA,0.0631881215957911,-0.00189390247571254,0.0204092467724034,0.216428953740764,0.182730946773631,0.100373723702781,0.10892763454895,0.26878465132968
"264",NA,0.211354556963025,0.0132881669083455,0.157418654306767,0.187660926186433,0.118721364782878,0.114560689346196,0.0278153681522579,0.153250210401497
"265",NA,0.166446467339967,0.0198964520211609,0.10354729877487,0.285370471889983,0.0842025465802554,0.0729898735540529,0.0669746087808199,0.181207052689676
"266",NA,0.127531547525095,0.0565527180658322,0.0836050237217593,0.223417653441805,0.118734903117686,0.166226782467406,0.0591583146781318,0.123712129655405
"267",NA,0.146121737039098,0.0535765006167281,0.0545048873967458,0.185968137174039,0.101528968518929,0.105574614671633,0.25657420363643,0.083510942632971
"268",NA,0.17925589235717,0.042116653763722,0.0585758577777441,0.170513017811925,0.0759273800921609,0.0714611804658581,0.203203242820695,0.00740146743047759
"269",NA,0.262085011734811,0.00353618049007692,0.0111889269995419,0.234532787275406,0.0777732303974516,0.145924515865854,0.174132096302226,0.115240702383195
"270",NA,0.210615407688622,0.0289307555606696,0.0756031430026457,0.209787860625438,0.130912295396305,0.0695082569434172,0.192825050658869,0.168769295727085
"271",NA,0.273683610171452,0.137442216098543,0.129037450560962,0.243319457197193,0.0578942275910447,0.0221524676669069,0.158029329408941,0.0260883736649431
"272",NA,0.286532589057895,-0.00449967516745081,0.0951310786092376,0.242920051705241,0.045731654754354,0.162967884869157,0.082007682035633,0.0982793691625776
"273",NA,0.197098902554325,0.029613958212539,0.0481053831638107,0.229016553518539,0.0667125484406486,0.0861923871956033,0.210305659621497,0.123692616672246
"274",NA,0.198184053519184,0.0815250443625504,0.0306479979780217,0.283531690316924,0.100070330583374,0.170031297750248,0.078694105699438,0.0233842314235479
"275",NA,0.124752867264592,0.0293783101200765,0.108750659902843,0.0709845903809209,0.251171108682472,0.0169498861205688,0.228747191120801,0.128214762396014
"276",NA,0.158991875413693,0.00515430168052626,0.0379463691920247,0.104225298696343,0.172384695681623,0.0738579250316868,0.235467551880528,0.196041919470975
"277",NA,0.238461321146661,-0.00191965368312292,0.0279673471836892,0.120364846327055,0.243905874490987,0.119184896593608,0.164080118387156,0.0685900211847521
"278",NA,0.397677815947278,-0.00201160027007399,0.140982357541419,0.16834643393515,0.000838898150538198,0.140346090168415,0.112807377841161,-4.83006407660802e-05
"279",NA,0.251983439681605,0.0328256741965556,0.00487501524788657,0.161782438527274,0.0796866175118023,0.0767348339850728,0.245114771842198,0.134357200694181
"280",NA,0.385223619382779,0.0771930161555464,0.0943452734555201,0.104899856421034,0.0101299729271959,0.0942865839680026,0.103947579863692,0.13513089998384
"281",NA,0.151999084979756,-0.000483386797682131,0.0031497924240238,0.0740755135424693,0.297787485277497,0.0851215897442012,0.0491724024773574,0.014964933991599
"282",NA,0.0219166511157909,0.00954654606901098,0.00553308223315137,0.0122076212395413,0.306111103655597,0.00556596148447096,0.026418654162045,-0.00789912863938367
"283",NA,0.0261439342950494,-0.00587617858649405,0.00045152068996708,0.0581663085712535,0.309742093652794,0.0103662907645608,0.103243905813481,0.0260883736649431
"284",NA,0.0352778961372265,-0.00449967516745081,0.00515123027974639,0.0325992491360983,0.192833988150967,-0.00966701543305207,0.209684579724901,0.00452870272951389
"285",NA,-0.000935066290764786,0.00115369904309319,-0.000932942317539667,0.00108894498787285,0.0970237511542182,-0.00337810859407295,0.329761687902325,-4.64319488794468e-05
"286",NA,0.271420496793819,-0.0125178112462634,0.04257069166687,0.117452543469807,0.0103306400523793,-0.0105123518125962,0.171295108532006,0.138728882208818
"287",NA,0.215444899316728,0.0359347795515798,0.0862194730027211,0.160225944646031,0.0724322934968423,0.169554511614631,0.155809235361633,0.0633282389981242
"288",NA,0.00101974446279723,0.038741716999281,0.139252413931935,0.0296178424208456,0.116457082892286,0.0125846445444797,0.174218582495888,0.112280750443771
"289",NA,0.286670394703966,-0.00191965368312292,0.113888389235823,0.146472169264681,0.0575004002612514,0.137343685860874,0.103980848484232,0.136698537503081
"290",NA,0.166471062920318,0.0583833925387802,0.0555498627508565,0.277858799895556,0.085498098310909,0.121029395463436,0.0467575329360691,0.147390927857196
"291",NA,0.178606425011244,0.0211520793884393,0.0689526816447194,0.267347288557317,0.0501614913177521,0.154022167270414,0.125826893615863,0.121290964880827
"292",NA,0.114885593569334,0.0711019426203528,0.0487848776124251,0.233104598146295,0.0651926189050455,0.0983483041444156,0.260980445229548,0.112758421930193
"293",NA,0.154611775126233,0.108142868459861,0.092950083272014,0.169937895506136,0.0368205644426615,0.160916663048189,0.214711946783596,0.0863216548098728
"294",NA,0.163370185011904,0.0497957688407215,0.133575592023724,0.193910377907364,0.114995191844777,0.244187476899928,0.137123905197867,0.0499935678767678
"295",NA,0.174395545042912,0.0755382349335396,0.0331645036928499,0.198370596686593,0.0871287142435252,0.109776808294061,0.101560984750804,0.267711744715702
"296",NA,0.157474529771908,0.0157991599596281,0.0501142562858224,0.169300586471377,0.197090749132624,0.0729427800981248,0.25429502986946,0.0920535434377014
"297",NA,0.252100105057743,0.0891532940113692,0.0561618280767392,0.23764432314343,0.0605758650913223,0.074118093139569,0.151796003005338,0.0691884978536974
"298",NA,0.116456389195848,0.139966453021679,0.0196718964134465,0.105076287031667,0.208136691575039,0.120830444377945,0.14756715932215,0.108363430695515
"299",NA,0.180903308262259,0.0194236155241115,0.212331531696394,0.173880828986011,0.0160761271632244,0.178592364283396,0.123327750736594,0.0544138493362984
"300",NA,0.0872901071488626,0.00515430168052626,0.0876627599773193,0.11995311959145,0.159473118479513,0.0436875713424912,0.342290149031082,0.138558809796155
"301",NA,0.173820939704945,0.0246352399834006,0.115250509390411,0.116289939676765,0.227869014634241,0.111629306958058,0.0827554478466248,0.128384373436339
"302",NA,0.0780974356466092,-0.00201160027007399,0.093959577590281,0.271038789572918,0.134828468474347,0.168064035429839,0.058217174851695,0.156745191377505
"303",NA,0.229135028735493,1.93601347735564e-05,0.0656693543374113,0.177899668724558,-0.0156610287058616,0.259163609296668,-0.010991729499882,0.0342665702153185
"304",NA,0.221861100917859,0.0133282998788653,0.0154754988345848,0.266870488920157,0.137778883859454,0.211895302916507,0.130545759399705,0.00740146743047759
"305",NA,-0.00158747816151245,0.0975442830183341,0.0031497924240238,0.200556818644213,0.0118832075142874,0.113772436122547,0.181111145459885,0.112992603807615
"306",NA,0.0219166511157909,0.00954654606901098,0.00553308223315137,0.0122076212395413,0.0136626779384258,0.00556596148447097,0.193085320828712,0.325434204693949
"307",NA,0.0699765732953455,0.154312746539803,0.17796947549884,0.208597019452418,0.0107495199816605,0.285307737819159,0.100728044358427,0.0400060154143323
"308",NA,0.16549855743081,0.0178268711417774,0.0656171916978013,0.123495547273006,0.204441710607271,0.078971910706969,0.119879429279052,0.233339416889958
"309",NA,0.177016001426904,0.0265691955328678,0.0775480425619443,0.152605353845629,0.169810329999446,0.091549032484084,0.0968010565483613,0.198838996979973
"310",NA,0.120731788940131,0.133773141532781,0.0974948789825302,0.197580513957777,0.139017124246892,0.0892010967882444,0.0825976490619272,0.105672558123005
"311",NA,0.168585461954036,-0.00189390247571254,0.149215414573024,0.234671823750305,0.134386813901611,0.142894819771852,0.125339822848275,0.00574912166489699
"312",NA,0.14212790430674,0.130183046256005,0.0697064594676721,0.127318676447256,0.213596257041364,0.0557168085183931,0.203059571169846,0.0423612138401224
"313",NA,0.173619429677383,-0.00191965368312292,0.0140908985592019,0.308111851662905,0.127684245477377,0.0103983562228776,0.234049210421813,0.114600433292349
"314",NA,0.158881568285795,0.03338332583942,0.0168835681944842,-0.0130941895572853,0.28808361128215,-0.0150998750242072,0.275236433014814,0.214664630637949
"315",NA,0.145646632899831,0.0442726485562201,0.16962100302857,0.085669429363161,0.125302862431814,0.206730505945266,0.124804865509661,0.0853120439520517
"316",NA,0.212858780295742,0.0133282998788653,0.167993077538655,0.136146279404719,0.0869382122235361,0.222930514156348,0.0771481974745084,0.0878134411852341
"317",NA,0.147898067145156,0.0147023440211294,0.0931740182491878,0.204189548416669,0.0802684763937598,0.215480433894073,0.106011240574099,0.162689322754489
"318",NA,0.262208481502623,0.00954654606901098,0.129908016768575,0.144094007443065,0.114037590690563,0.199294831508291,0.175911084628432,0.0519515069924912
"319",NA,0.183784540231963,0.0413560123426343,0.202350790215015,0.119352230034877,0.151075855756899,0.0829030405505196,0.113183476292077,0.153641186936002
"320",NA,0.180004951844886,0.0762221423373964,0.127347255798784,0.1771334927368,0.0806437796303736,0.101105222736171,0.1183457391484,0.148268050793834
"321",NA,0.157273831193244,0.0179314550436193,0.129045598990409,0.202568129621134,0.125922234147629,0.210276463070472,0.027657682982522,0.12006261433018
"322",NA,0.250620367542104,-0.0125178112462634,0.134996589486895,0.159346395053465,0.112609975817322,0.187981097378268,0.0512474868982097,0.081784650703289
"323",NA,0.190651050802151,0.0417239292165497,0.0817452505901477,0.23882356831992,0.048173956429197,0.132128452942395,0.0764864537411391,0.149216713946791
"324",NA,0.217246883042071,0.0432663714054027,0.0386602916989045,0.0144198669545728,0.0230026489545575,0.0677529641019255,0.101336872183056,-0.00840698695943899
"325",NA,0.137536750471347,0.0306866540743678,0.107373380028575,0.111666657612503,0.179156660670049,0.128509359365058,0.160493155677022,0.125212153731864
"326",NA,0.211307128693441,-0.00201160027007399,0.11801148735943,0.29421462742713,0.0449607121740547,0.054266896334171,0.190204801631304,0.0479850193236624
"327",NA,0.0640649433109116,1.93601347735547e-05,0.0706063718838909,0.0628030953241414,0.319696794024702,0.128607141422751,0.183490716134513,0.158071569450892
"328",NA,0.193916497210627,0.0133282998788653,0.211292647044219,0.271253360081539,0.0583223266788503,0.0553229385863351,0.0818109715684147,0.119909761108759
"329",NA,0.104860423544901,-0.000483386797682131,0.204363826267554,0.127098752276815,0.0359793843901146,0.127701235308519,0.130319079680777,0.188760852837257
"330",NA,0.0219166511157909,0.00954654606901098,0.189963044935267,0.0122076212395413,0.0136626779384258,0.189995924186587,0.210848616864161,0.227184415373652
"331",NA,0.330563476514752,-0.00587617858649405,0.00045152068996708,0.336830281044306,0.0107495199816605,0.123582882786992,0.225257256263859,0.0260883736649431
"332",NA,0.245228314176804,0.0157447653155419,0.118959669599015,0.204831983738985,0.0728047831634571,0.196413273540958,0.0984435988283696,0.0566442466635136
"333",NA,0.107797212127121,0.00115369904309319,0.0923149589946458,0.273371684966815,0.0269874892138451,0.101457587436249,0.128640211430933,0.0826890050618507
"334",NA,0.113218957328056,0.0282743422889713,0.0704687936867915,0.0698231333601457,0.230587967197111,0.0903776559707708,0.152844991478416,0.210472910323025
"335",NA,0.140971965453195,0.040703216425213,0.0289233386347418,0.129863196413859,0.203870432139882,0.0830701570465187,0.148036370929784,0.183510698945096
"336",NA,0.0566846720431666,0.0197189209507928,0.0792278138477023,0.127834284837355,0.23438556824645,0.152511752767933,0.0848895817216954,0.228817342632305
"337",NA,0.205492659778289,0.0241278710447784,0.0733782923289903,0.240362968039971,0.0558926447253112,0.172858590922445,0.0585061409984906,0.150015603792511
"338",NA,0.0622436605427708,-0.00201160027007399,-0.0054481438134588,0.10606069090896,0.278834045789454,0.0792842411953576,0.107269759021833,0.332706419298278
"339",NA,0.131279072304787,1.93601347735529e-05,0.00487501524788657,0.159255750550671,0.132576031862953,0.125744929878835,0.0177743325178097,0.255010475091556
"340",NA,0.231054613868945,0.0133282998788653,0.110997726661621,0.220242820417377,0.1085480380698,0.129736861966186,0.0142142666987524,0.177034174596061
"341",NA,0.232869756244224,0.012731609888627,0.0930692155537511,0.158657275283926,0.158270684500814,0.212275934739032,0.101491591765294,0.0550473834728942
"342",NA,0.199152838882997,0.0480697260937043,0.0936271862747919,0.162309473636617,0.128311524185495,0.171413304597115,0.113132222938708,0.170935788993623
"343",NA,0.197186624868644,0.0283267961265335,0.104523819589119,0.178029746659598,0.174569334766408,0.161836101403663,0.113041166983817,0.0901335419622043
"344",NA,0.239406281205522,0.0428434513055782,0.14608978729456,0.219134003375864,0.0228743079498614,0.247084127848476,0.0538063831376567,0.0378322929091243
"345",NA,0.0819573861234405,0.00115369904309319,0.0571319417756145,0.129300121049135,0.137453849681461,0.166662850042536,0.146768221982949,0.27030993968098
"346",NA,0.220685174002569,-0.000757315846117969,0.0875437278155161,0.25151792566811,0.0622294023112857,0.109707795805861,0.0832632672046876,0.151878774671377
"347",NA,0.11247578045039,0.0262876314330773,0.0291934555817561,0.124413488058529,0.229624754842286,0.102554503582417,0.105306841432756,0.229092920607078
"348",NA,0.282696724938814,0.0612340627183578,0.0857819744336632,0.145874276180689,0.139474887052324,0.0813036895902911,0.0513892026707571,0.136315119462504
"349",NA,0.0498880598341728,0.0175634818304212,0.0324105681961552,0.0533132789145128,0.332765747071521,0.0403186976643506,0.194808934282573,0.259566003837078
"350",NA,0.183396243797642,-0.00201160027007399,0.0786066161846978,0.229164133396826,0.116100503321187,0.0689548849739493,0.169514986739008,0.115213304529883
"351",NA,0.122033753224016,1.93601347735529e-05,0.00487501524788657,0.0954765802686064,0.157875397853556,0.0652299575587809,0.196966024616809,0.142645199305861
"352",NA,0.124313738498286,0.0133282998788653,-0.00670545794072485,0.00384912502478921,0.0101299729271959,-0.00676414742824236,0.00289684846744692,0.00740146743047759
"353",NA,0.15659211277827,-0.000483386797682131,0.0031497924240238,0.212644734016601,0.0118832075142874,0.00444271095017212,0.340467445839453,0.014964933991599
"354",NA,0.0219166511157909,0.00954654606901098,0.00553308223315137,0.450703819775863,0.376935914077268,0.151731360996578,0.026418654162045,0.0441660371733444
"355",NA,0.198148076591456,0.0270837734206821,0.0663714247043194,0.157775313056425,0.161869663960133,0.175166050800442,0.182904168204645,0.0783286616218863
"356",NA,0.23581468550458,0.0313208944342271,0.0622282689938561,0.146398289534334,0.133035306337686,0.111214474035777,0.109154833710106,0.179903882476078
"357",NA,0.131280149302067,0.0585607851990618,0.0581624654306048,0.196339245576753,0.0865892268065877,0.11670403561654,0.192435819441949,0.150666282005646
"358",NA,0.175617896884721,0.0274693499766378,0.0485842525971576,0.227363910385773,0.114696926192806,0.0757929794888059,0.179352957189675,0.117190478917713
"359",NA,0.161440961963722,0.0457155411817976,0.0722158190624851,0.200664955453802,0.054428077316913,0.147730371090841,0.134275275477754,0.142478374440975
"360",NA,0.10689498225062,0.0177924334225808,0.0581646403736243,0.13087834494816,0.243792670010889,0.176479968154022,0.105845498306915,0.144221399580588
"361",NA,0.1514926444802,0.0147436906441885,0.109097002415935,0.0868427577683997,0.233366716499816,0.0815288787786998,0.144466697816015,0.159096383227531
"362",NA,0.249511619517953,0.000596621691762396,0.133784549587986,0.245702231471074,0.0272583165729903,0.253488708519247,0.023568028580768,0.0250289967313396
"363",NA,0.208668607154256,0.117968221985958,0.137453486581635,0.134525588514882,0.0363442295336121,0.128874506730717,0.152044364652073,0.0714809865334421
"364",NA,0.0906520700574078,0.0416601574192805,0.070741398371558,0.185367897882664,0.116419535640707,0.152382370917014,0.107521035336625,0.240412336532354
"365",NA,0.138514703919381,0.0243416734530431,0.054503447319843,0.135202351223701,0.197382459463353,0.119719832780339,0.126253578875367,0.228495404413535
"366",NA,0.195423447706523,0.118380007594469,0.113432816993287,0.199532561589855,0.0615840616836388,0.174191069204672,0.14316437692627,0.0812437239043379
"367",NA,0.16282983761415,0.0372697894537844,0.082458834104606,0.242359935636497,0.106428054514779,0.260805809233039,0.074651821668203,0.0808430501349275
"368",NA,0.226110606075317,0.000121080282143873,0.154286413407584,0.272994731641765,0.0304741569852959,0.2374702352114,0.0295509224000726,0.058062489023065
"369",NA,0.11071149636801,0.0162794908007297,0.165448333599566,0.187154405596568,0.137043677386333,0.147991398472623,0.0843145043838239,0.141794702771555
"370",NA,0.174351316936314,0.0341061163531145,0.0802071534339417,0.266997657661233,0.0888935676627824,0.120323743757136,0.109567494668135,0.0916217011606328
"371",NA,0.154078765323964,0.0239936915530137,0.121817575467276,0.198357902269357,0.0929720331838648,0.254328784111705,0.0818880256570753,0.0315125984220335
"372",NA,0.180944090180769,0.00515430168052626,0.00188141199394071,0.184894559473666,0.218167318151655,0.158369360385568,0.0542017497691397,0.180457145412136
"373",NA,-0.00564773311753641,-0.00191965368312292,-0.00237789083451785,0.16352557198097,-0.0137814289327845,0.132163661629188,0.00483050888941321,-0.00985128116777101
"374",NA,0.348351309382578,-0.00201160027007399,0.17237350161188,0.127125033524626,0.0985847931220704,0.0826460199473249,0.131918315995481,-4.83006407660802e-05
"375",NA,0.0967270278742829,1.93601347735529e-05,0.0569080322746221,0.0876161002536149,0.255743382488159,0.0800654924038212,0.161992133359179,0.248288462898123
"376",NA,0.0402210992037892,0.0133282998788653,0.107343603455701,0.114696980456096,0.287434766995797,0.0653481204840757,0.219038594086961,0.157745337596323
"377",NA,0.113284213614241,0.0304411773581835,0.0944420497512839,0.128375452354364,0.196441918601403,0.145490043300457,0.151063333133264,0.164875263335367
"378",NA,0.155799526852077,0.01240133623021,0.117984388209001,0.27248039923966,0.102800704517688,0.197935080060661,0.160585683359873,0.0669649471338831
"379",NA,0.130535960040995,0.0758045732164862,0.0639234305726086,0.265320327456234,0.094494883651463,0.171509919196461,0.130295921024118,0.115762117201621
"380",NA,0.189793349333261,0.0134498469949865,0.081835126084758,0.279851582684005,0.0782749021317148,0.215479474111959,0.0651579177394711,0.0852284359464887
"381",NA,0.197601712950873,0.0252507764951868,0.103611528836578,0.248696203381802,0.104021132340594,0.0935664428504994,0.10955505392359,0.108435158600085
"382",NA,0.201607867353732,0.00932038267119203,0.0812083535275154,0.260340290447585,0.062950530738091,0.186105170600749,0.0730218476642598,0.0915143086301644
"383",NA,0.0774205108169373,-0.00189390247571255,0.096381617645331,0.191140480902584,0.161576861435504,0.135796567742288,0.177433046613928,0.121094193307429
"384",NA,0.167281764685684,0.00515430168052626,0.154633120084713,0.307287193622828,0.071123136628244,0.0487980768121268,0.10962614784792,0.120166195685357
"385",NA,0.149370264525743,0.0249494523096884,0.0964823860636326,0.240649372835921,0.0964742707874125,0.137510685532475,0.12729351793855,0.107904821637363
"386",NA,0.124577499085268,0.0460254816414281,0.0365622865243458,0.0876105202368847,0.179858350449748,0.0951365714245677,0.19009710776585,0.199071255545029
"387",NA,0.0769982033267287,0.0690474359378555,0.0835549690692466,0.239497784194683,0.128387714967568,0.0814068156655334,0.12399696850477,0.18447010002019
"388",NA,0.0970475873518008,0.0591428161085697,0.0485007385349479,0.205665090841976,0.151660294630088,0.150159544055566,0.121304411155037,0.171676319479624
"389",NA,0.135940687786436,0.0866973415729777,0.0613563755728958,0.193188507369304,0.195600974410111,0.0443568754213451,0.129397083852351,0.177875605463142
"390",NA,0.196228385692736,0.0714440447446125,0.0905012208168448,0.232477578549809,0.0686295227575089,0.236290908431292,0.134378481942051,0.0570019226681981
"391",NA,0.124104040973345,0.0805245726714929,0.0998036580148652,0.18796903632028,0.0914114426367672,0.14736879638987,0.133937396457122,0.182528188896244
"392",NA,0.214352924832583,0.0441770331481816,0.0412089924832455,0.144134743495939,0.155890887958073,0.0664691489349249,0.132646037475727,0.210190866697971
"393",NA,0.10244351811545,0.0902302870656607,-0.000932942317539667,0.199399652784766,0.230129795862805,0.140315539315657,0.0855049425915598,0.143647215960851
"394",NA,0.228565358833732,0.014021596638181,0.14700280419674,0.183945042976801,0.0734636358451117,0.161323506430722,0.115295399685018,0.0424514070269841
"395",NA,0.13107765545404,0.0804733242230406,0.108914297352304,0.188536655826392,0.0900582277936942,0.0626549568353204,0.110792730701252,0.186441527802246
