"","index","anger","anticipation","disgust","fear","joy","sadness","surprise","trust","n"
"1",2017-10-01 09:00:00,0.171867349749671,0.0077441407360372,0.170138073732458,0.166126594468607,0.13820303526673,0.178389924662812,0.118371487423524,0.0491593939601616,488.651970942188
"2",2017-10-01 10:00:00,0.193189363698527,0.0136848904603293,0.110122130696072,0.176479613386962,0.109026811484823,0.189180042753938,0.085863958838674,0.122453188680675,905.843010428818
"3",2017-10-01 11:00:00,0.205067807843532,0.0213447415289812,0.121713483680773,0.209222256150953,0.0792992888349568,0.203214884805355,0.0917464549399206,0.0683910822155285,1348.43244803123
"4",2017-10-01 12:00:00,0.196631452078451,0.0224738631328689,0.117820352529462,0.211332531794747,0.0826412016576581,0.18041051729371,0.0964882346051935,0.0922018469079096,1716.67428809862
"5",2017-10-01 13:00:00,0.198491668308911,0.0280447089969749,0.0923667252151542,0.223172080417406,0.0986368134955289,0.17694784844517,0.115961579709794,0.0663785754110607,870.67820053532
"6",2017-10-01 14:00:00,0.170359872822518,0.0103677428446842,0.115984658079392,0.223530102919794,0.111831307897332,0.21261182752208,0.0989396333849407,0.0563748545292592,512.948678754212
"7",2017-10-01 15:00:00,0.197576099839227,0.0172759645238803,0.137907809588005,0.22656332663121,0.0891600291437806,0.15934598385997,0.0952982606699528,0.0768725257439734,765.401024462614
"8",2017-10-01 16:00:00,0.244440335970511,0.0227298642817416,0.110865122964445,0.207510413265168,0.0792725360113576,0.192508683443623,0.0878554206141372,0.0548176234490162,1600.86954472082
"9",2017-10-01 17:00:00,0.166457258716684,0.0201345709608104,0.0862614756697134,0.181364369306965,0.140875340167778,0.171674855654983,0.105195697517718,0.128036432005348,2259.02600667626
"10",2017-10-01 18:00:00,0.187188678930148,0.0248014439788953,0.0903926222172487,0.180954214207184,0.129996236274995,0.179736368362046,0.104684133554696,0.102246302474787,1729.73511337531
"11",2017-10-01 19:00:00,0.200922930743485,0.0246754960156479,0.125858517703758,0.228746205422494,0.0584082671958383,0.192231557771881,0.109711531503531,0.059445493643366,1840.43565804934
"12",2017-10-01 20:00:00,0.167567634776324,0.0384710913275788,0.10708362314863,0.145475362144759,0.112747932024381,0.229293445593896,0.0946213289435536,0.104739582040878,294.400823304762
"13",2017-10-01 21:00:00,0.200752932374164,0.0354662519825073,0.138088532451224,0.205226245309646,0.0868527207166268,0.146968021753942,0.101209430573701,0.0854358648381884,600.481374860299
"14",2017-10-01 22:00:00,0.209077208523207,0.0295000637365174,0.126707590686161,0.186430808871301,0.0718752570097803,0.214218928052239,0.09086176493775,0.0713283781830438,736.858749246799
"15",2017-10-01 23:00:00,0.181836106681812,0.0267051604756981,0.138613074473659,0.177099364015347,0.0896730334450789,0.213786367338601,0.0882462961553241,0.0840405974144813,899.860360207667
"16",2017-10-02 00:00:00,0.220248235362275,0.0099590184796497,0.10396340950491,0.210093598449742,0.105089982572652,0.172203503798286,0.123029736660469,0.0554125151720165,685.245607685942
"17",2017-10-02 01:00:00,0.244592922340698,0.0169849459237982,0.179099996330649,0.160268742024373,0.0770553078127427,0.160047921529142,0.0692392355136461,0.0927109285249502,702.520174803444
"18",2017-10-02 02:00:00,0.181440229650123,0.00553207379856621,0.12297508212922,0.21269512058411,0.0951344791567986,0.167818441616388,0.124226723883602,0.0901778491811925,588.94668738257
"19",2017-10-02 03:00:00,0.177160463003319,0.0402667202266437,0.111340255218171,0.203056464456047,0.133761680681265,0.136783152606078,0.114393180612545,0.083238083195932,452.150946815291
"20",2017-10-02 04:00:00,0.267127375607114,0.0228560544848896,0.152143571521435,0.108640386861777,0.120417887045112,0.162024775373253,0.100695857418008,0.0660940916884119,454.975538584137
"21",2017-10-02 05:00:00,0.154962259151929,0.0446647720838393,0.128410874400711,0.201512126283082,0.0729950248403896,0.194100042503824,0.125928169886548,0.0774267308496756,746.239917611587
"22",2017-10-02 06:00:00,0.228761357639645,0.0209621104055199,0.111677381394869,0.193576649906925,0.0866845270179689,0.172579245020793,0.131946231746391,0.0538124968678886,967.609887059819
"23",2017-10-02 07:00:00,0.192128669149926,0.0121724039838235,0.122276716015058,0.196467482409594,0.0973175243177757,0.182364915115679,0.0968095085989298,0.100462780409214,994.028102059271
"24",2017-10-02 08:00:00,0.220067638917211,0.0124926183898209,0.122806914148218,0.211332101073718,0.0637025455206407,0.222567891471458,0.0852149394057056,0.0618153510732288,1432.4254670008
"25",2017-10-02 09:00:00,0.187081238569328,0.0234783298320412,0.151166753331438,0.194392356668323,0.0789514776388312,0.176248324906888,0.101273949237575,0.0874075698155767,1557.38056943724
"26",2017-10-02 10:00:00,0.21219011869946,0.0305822761605574,0.116796970803608,0.207422615729495,0.0644352490893601,0.192389370551757,0.102530156838342,0.0736532421274198,1654.92699396315
"27",2017-10-02 11:00:00,0.205481723603489,0.0176689856414474,0.0990431227704631,0.218367214731431,0.0727077360162614,0.196318286345143,0.108879707025348,0.0815332238664171,1980.17565053555
"28",2017-10-02 12:00:00,0.210990014254734,0.0281208048303662,0.140982515644038,0.23069451156562,0.0539798689472928,0.151051894041546,0.0628772375322934,0.121303153184109,446.015551839846
"29",2017-10-02 13:00:00,0.183879464965306,0.0427581339420282,0.134896995744095,0.229745841705596,0.0452199544976149,0.170042093575067,0.13200732001044,0.0614501955598524,412.586649546515
"30",2017-10-02 14:00:00,0.224925428059601,0.0449654993888652,0.129096977735466,0.213395293788666,0.0283290091082849,0.197433792755336,0.0841313602149022,0.0777226389488783,408.432116018644
"31",2017-10-02 15:00:00,0.118222005784779,0.0270893579843654,0.117271275858437,0.20874987183956,0.166676579433339,0.12169815968244,0.149476981109908,0.0908157683071709,361.892895505828
"32",2017-10-02 16:00:00,0.246833163020583,0.0202011884100525,0.0763178939186277,0.228743889364278,0.12594575648084,0.150313066099959,0.112644365952554,0.039000676753105,246.015887713959
"33",2017-10-02 17:00:00,0.166969657457318,0.0657296362256503,0.12302662663741,0.27925893518341,0.0442932637121208,0.166057074162966,0.0649308675261853,0.0897339390949397,134.346445799598
"34",2017-10-02 18:00:00,0.202862640278437,0.0180449946179118,0.136405586751411,0.238280749504173,0.0470466763987716,0.180516293496717,0.0952744847571321,0.0815685741954459,309.420779945228
"35",2017-10-02 19:00:00,0.255250559805833,0,0.176088738660759,0.178082358815338,0.0394117743590889,0.191825695656501,0.09298969427691,0.0663511784255705,228.235473702715
"36",2017-10-02 20:00:00,0.187874262296271,0.0644777071855727,0.105250636382252,0.192701779680024,0.0821259359956013,0.15758680760173,0.115617351553748,0.0943655193048001,256.406890857124
"37",2017-10-02 21:00:00,0.214349808277211,0.00844176306314854,0.122988276885698,0.220756075075307,0.071307853946454,0.181210717461774,0.069646402848537,0.111299102441871,354.870451959436
"38",2017-10-02 22:00:00,0.221802970055119,0.0223257393395831,0.0872302902253314,0.221937428005054,0.119830542247689,0.150463648855483,0.0830944902092678,0.093314891062472,257.236864609776
"39",2017-10-02 23:00:00,0.217434621971534,0.074049904303281,0.149272573888524,0.180444753645686,0.0358020779342855,0.213909796782449,0.0640890077934873,0.0649972636807526,330.061135880875
"40",2017-10-03 00:00:00,0.229570382118091,0.0141150638839243,0.161471319428452,0.221093370056675,0.0588684611061337,0.143447318624418,0.0836826203113389,0.0877514644709669,555.233735706108
"41",2017-10-03 01:00:00,0.173676320672886,0.0202018685242347,0.0838676270656784,0.176720173140062,0.116883499558531,0.206775284018697,0.130503140707977,0.0913720863119342,631.031964137159
"42",2017-10-03 02:00:00,0.201028008815334,0,0.110251426794266,0.213488230715769,0.120324957549041,0.160031816687644,0.118519315927631,0.0763562435103158,323.565607870752
"43",2017-10-03 03:00:00,0.19719969253103,0.00564684798015823,0.0624664887964304,0.247896485592107,0.116235895298998,0.172840766663412,0.106629451018965,0.0910843721188991,454.22674144482
"44",2017-10-03 04:00:00,0.187243247859905,0.0102242018276181,0.113332257967779,0.223931413041557,0.101011465137323,0.16584864332393,0.0556425743704491,0.14276619647144,225.209276168063
"45",2017-10-03 05:00:00,0.175773361541202,0.0623027339025356,0.104109955879172,0.193758548040083,0.120250287178534,0.153922388698295,0.109499855881544,0.0803828688786343,320.072727855333
"46",2017-10-03 06:00:00,0.203232319771754,0.0405426160531243,0.0734818322484607,0.267637417283656,0.0729486688715995,0.139800262266222,0.12705842821556,0.0752984552896238,346.637279435739
"47",2017-10-03 07:00:00,0.190474320084263,0.0142393163330405,0.174841637211396,0.202945928716213,0.0358732386751034,0.194318795355929,0.0770176835654481,0.110289080058608,471.863465719533
"48",2017-10-03 08:00:00,0.176346865148477,0.0255766033740461,0.186608819065827,0.253927357970511,0.0922047740950455,0.0857847636689806,0.0706518422397586,0.108898974437354,226.016857330569
"49",2017-10-03 09:00:00,0.208598025166446,0.0196792444357637,0.139984583357702,0.218529448016376,0.105715697425292,0.123258525108937,0.122553430461357,0.0616810460281249,435.569638086445
"50",2017-10-03 10:00:00,0.19660325580763,0.0300522983151523,0.182122179908044,0.222380751447353,0.0570327009479283,0.185297417247685,0.0686235825398638,0.0578878137863432,474.030024047784
"51",2017-10-03 11:00:00,0.170689537188746,0.0648438174078939,0.120942624380378,0.299663814696173,0.0642507547028995,0.14661345542665,0.0707857856193097,0.06221021057795,442.706837344483
"52",2017-10-03 12:00:00,0.19362650382571,0.0137711573957767,0.115057345612945,0.268818034101373,0.0630597277138667,0.170268812491884,0.0516708930423754,0.123727525816069,649.645819086011
"53",2017-10-03 13:00:00,0.262500760145972,0.00621950483265289,0.143661721740301,0.212238036519048,0.0549747655560414,0.179563430122873,0.0705138541917063,0.0703279268914053,658.307159876534
"54",2017-10-03 14:00:00,0.210787912148138,0.017705120503339,0.124050723669519,0.222853001157372,0.0716059786823284,0.186350651044533,0.078032786317459,0.0886138264773119,649.721087513494
"55",2017-10-03 15:00:00,0.211810725736556,0.0183975228645876,0.147434497789218,0.273331252998261,0.0473414585224474,0.158157227556355,0.0591841614626046,0.0843431530699718,788.176573170876
"56",2017-10-03 16:00:00,0.180535193047333,0.0240742911399276,0.155033795000148,0.212702522869173,0.142250861373459,0.0940609242135386,0.0740622129295008,0.117280199426921,314.375996528689
"57",2017-10-03 17:00:00,0.168616268002238,0.025252364432516,0.134357981400566,0.225523851561295,0.0726875529237445,0.15954532356068,0.102563290219064,0.111453367899896,390.464918805836
"58",2017-10-03 18:00:00,0.198263611225771,0.0335639372590672,0.145717324023011,0.209001240860134,0.051121578473945,0.188593824849766,0.0949846293396486,0.0787538539686576,641.850473848098
"59",2017-10-03 19:00:00,0.215233560762598,0.0130232527428391,0.174893281083902,0.26452930873159,0.010187928051808,0.202643225784212,0.0542585766279628,0.0652308662150875,298.836271932951
"60",2017-10-03 20:00:00,0.151553489076947,0.0306974799349016,0.0729768322208031,0.178434956029095,0.175386411336925,0.123687753202226,0.0574132182889578,0.209849859910145,193.932640298568
"61",2017-10-03 21:00:00,0.205371101365311,0.0109047261411007,0.19061623956716,0.224837507674584,0.0580475569831488,0.176173096431827,0.104687391887946,0.0293623799489226,347.022894931342
"62",2017-10-03 22:00:00,0.191681452414565,0.0507267578166054,0.0860783909615447,0.232953910384194,0.0522340956643811,0.203190293752872,0.116474132340918,0.0666609666649198,617.463480928443
"63",2017-10-04 04:00:00,0,0,0,0,0,0,0,1,2.77258872223978
"64",2017-10-04 05:00:00,0.158387450124816,0.0102017973937155,0.128452682928117,0.139807599111078,0.173432326548149,0.183916732759765,0.0370676632167476,0.168733747917611,175.631744101467
"65",2017-10-04 06:00:00,0.100900174876569,0,0.0645842472591848,0.413513168555316,0.107762604275783,0.0282521549586111,0.0470869249310186,0.237900725143517,73.6029355893799
"66",2017-10-04 07:00:00,0.203040139512414,0.0248382006479828,0.0609442851094251,0.129971300073565,0.0928784997949982,0.137345457055535,0.238761980407037,0.112220137399043,207.706482942576
"67",2017-10-04 08:00:00,0.215887095755507,0.0276133219847954,0.136331233684583,0.206162435221199,0.0703206565443165,0.143704823837577,0.108103294961686,0.0918771380103361,458.965898834489
"68",2017-10-04 09:00:00,0.197576471138288,0.0181066284192741,0.148932115233096,0.184641600894071,0.0775162710351272,0.217940881924923,0.0888966052928751,0.0663894260623455,577.161688025459
"69",2017-10-04 10:00:00,0.224370486497121,0.00493480738660989,0.122611472344117,0.281060263235574,0.0282503551754806,0.174618848888445,0.0886895583866499,0.0754642080860035,363.085998876029
"70",2017-10-04 11:00:00,0.17555373644102,0.0124355420072723,0.139920652480154,0.246274130567524,0.0638122996443305,0.174684893060935,0.10874425532924,0.0785744904695229,475.096536581509
"71",2017-10-04 12:00:00,0.157256325902443,0.0110833920816441,0.0942108467214919,0.21456851787718,0.0669298623849644,0.150430972545796,0.0961334179055487,0.209386664580932,286.74017908392
"72",2017-10-04 13:00:00,0.202065579654543,0.00258390127009015,0.108236691363962,0.219354223586643,0.10919530340572,0.209144811117101,0.100434336887211,0.0489851527147297,425.175799627121
"73",2017-10-04 14:00:00,0.19732541574813,0.0313586737611963,0.139585388928725,0.211990944074397,0.0872663264233284,0.138106797754213,0.0820670211231277,0.112299432186882,538.672539872282
"74",2017-10-04 15:00:00,0.225997630119243,0.00865026348551408,0.0974873906625243,0.168318650304823,0.12600526891753,0.123992651731822,0.107677593510543,0.141870551268001,426.447062600049
"75",2017-10-04 16:00:00,0.209124998864038,0.0246190611937733,0.0540950307799932,0.232613310775023,0.0682205313267372,0.162492756915231,0.102668921454899,0.146165388690306,351.706861831104
"76",2017-10-04 17:00:00,0.10458779988808,0.0551418423230223,0.116733790188811,0.230404305680377,0.0822490404202283,0.133290089456033,0.110982805767143,0.166610326276305,307.498758128467
"77",2017-10-04 18:00:00,0.22177459509032,0.0560082186800471,0.113072317064347,0.174529816384855,0.056553453240428,0.181952902553537,0.086615313602501,0.109493383383965,405.036274150335
"78",2017-10-04 19:00:00,0.173432654134381,0.0653071273789448,0.0889065665351786,0.193109309925904,0.0889010485487851,0.0925262428635016,0.107928222538434,0.189888828074871,328.876915024683
"79",2017-10-04 20:00:00,0.214991337676751,0.0266399712876401,0.127586104330782,0.219982558154138,0.0148235887894908,0.213855369306871,0.0638869413531778,0.11823412910115,407.475868162212
"80",2017-10-04 21:00:00,0.202468835694631,0.0129481185550639,0.115711046109059,0.326162984833964,0.0330123013518822,0.147451442512192,0.0867422371054114,0.0755030338377957,276.759818286853
"81",2017-10-04 22:00:00,0.186791745880254,0.0487888857726684,0.165786940246996,0.181287238659488,0.0796706556707743,0.191258444964658,0.0766216019367936,0.0697944868683677,263.768409118462
"82",2017-10-04 23:00:00,0.186701124479419,0.0106216120413772,0.131563623429097,0.228240624122808,0.057110995834002,0.192892301589266,0.0703249021435243,0.122544816360507,277.212062321254
"83",2017-10-05 00:00:00,0.181900743810717,0.0144299319293691,0.152082555096461,0.166318180770343,0.119805128787764,0.27938919352075,0.0608218852082006,0.025252380876396,192.141496980783
"84",2017-10-05 01:00:00,0.203475398306287,0.0216309386374359,0.138281272277057,0.211120041350524,0.0763102404504976,0.165108899770372,0.0599664229002278,0.124106786307599,333.014005625092
"85",2017-10-05 02:00:00,0.221497920841171,0.0169198218426545,0.176082598070888,0.238067564254593,0.0554424740438414,0.176691514637537,0.0303847940464496,0.0849133122628654,272.1760446897
"86",2017-10-05 03:00:00,0.207838390164416,0.0471772671953049,0.0961334531967725,0.232583467897746,0.0436635604481065,0.184256095481501,0.112400424018168,0.0759473415979852,300.398821855903
"87",2017-10-05 04:00:00,0.238830604293429,0.0385456327862606,0.0494790611007519,0.205687836434081,0.0867947378508301,0.166552109102582,0.116204146633013,0.0979058717990525,290.457179356894
"88",2017-10-05 05:00:00,0.278882505677959,0.0447228903434888,0.101753706378539,0.207321797213595,0.0631784287967028,0.132070167703714,0.119897444294858,0.0521730595911424,298.679455865386
"89",2017-10-05 06:00:00,0.167365485794384,0.0385066971544241,0.009882698435027,0.238729373983885,0.170633079674526,0.155400247877115,0.0746590481818022,0.144823368898836,210.412323653398
"90",2017-10-05 07:00:00,0.169693296534291,0.0108977447092372,0.119201221266832,0.22090346230073,0.146691181595649,0.140848853618955,0.105451526680287,0.0863127132940178,519.963243707609
"91",2017-10-05 08:00:00,0.207477930321364,0.0263405024825004,0.157768552569617,0.209242677580939,0.044368320987344,0.185566150072698,0.042274650511457,0.12696121547408,340.811512262248
"92",2017-10-05 09:00:00,0.177937557674383,0.0662386214798089,0.135487248113775,0.0865479915959228,0.121589909255122,0.184536889049841,0.160687240732532,0.066974542098615,277.033788588755
"93",2017-10-05 10:00:00,0.209341471134684,0.0315902207732063,0.103190476507526,0.219198620190721,0.0695995490347509,0.143034078200309,0.101338721066742,0.122706863092061,335.122203584653
"94",2017-10-05 11:00:00,0.190592208058023,0,0.193630304116283,0.245887887076284,0.111668312173329,0.138874028049951,0.0802683047397923,0.0390789557863373,137.549182149935
"95",2017-10-05 12:00:00,0.191499547299589,0,0.160958328860569,0.186399572304991,0.103103927331817,0.118822941516828,0.197004209825886,0.0422114728603202,112.817052144947
"96",2017-10-05 13:00:00,0.184510150722478,0,0.0715385656836814,0.240977016114143,0.138797693680739,0.149941075834415,0.139066247451935,0.0751692505126084,108.936687124088
"97",2017-10-05 14:00:00,0.146906738389648,0.0302107732745223,0.110206739922209,0.186202955355162,0.0456525485301525,0.164417406844127,0.193823642173851,0.122579195510327,149.674704978916
"98",2017-10-05 15:00:00,0.188452011813254,0.0228345933140791,0.133388703031567,0.241998892306501,0.0396396179130728,0.204118809483195,0.119541108094064,0.0500262640442663,329.971397055355
"99",2017-10-05 16:00:00,0.17139541781894,0.00835636847929796,0.144459645035166,0.112012870346522,0.140906428391589,0.151112743413583,0.0878567398073175,0.183899786707586,165.896748636
"100",2017-10-05 17:00:00,0.181129602444152,0.0521643917457359,0.158642207191853,0.138858283329997,0.0308349524770848,0.18214213701564,0.0882968202104657,0.167931605585071,170.504409758209
"101",2017-10-05 18:00:00,0.138632642451321,0.0647984199140399,0.127792248130868,0.147790165853796,0.0675152576961662,0.185619204735298,0.170424531073803,0.0974275301447079,173.251385649942
"102",2017-10-05 19:00:00,0.0567028214471208,0.0911003721255753,0.0569856194575143,0.163891989152251,0.147105220844479,0.169612653799302,0.149386642446053,0.165214680727705,148.767715381543
"103",2017-10-05 20:00:00,0.301563255208199,0,0.0667328922957366,0.233820593538098,0.0614181480593484,0.138852743065793,0.0889206988759726,0.108691668956853,170.26519027662
"104",2017-10-05 21:00:00,0.194777402733755,0.0133327257447698,0.0924119011900216,0.259311415431614,0.12825891496771,0.177211427877259,0.0593213984247948,0.0753748136300757,351.175844816349
"105",2017-10-05 22:00:00,0.183757825910049,0.0162266263087807,0.109559820804832,0.259475944805693,0.123700644390437,0.143794348811602,0.0621126289169366,0.101372160051669,270.051614629384
"106",2017-10-05 23:00:00,0.0780276410396255,0.0928956854780729,0.0310893650413697,0.404478159452032,0.0737171974556645,0.17472757607877,0.0663239612867356,0.07874041416773,103.536235641511
"107",2017-10-06 00:00:00,0.268282867173218,0,0.0204491737704404,0.296997266394489,0.020054639802549,0.165756455964804,0.124499298722695,0.103960298171804,195.068225804331
"108",2017-10-06 01:00:00,0.245344590521099,0.0113082250139718,0.164379154373722,0.181935637605554,0.0922736611613488,0.240296876312982,0.0644618550113214,0,61.2958426016048
"109",2017-10-06 02:00:00,0.189665741208644,0.0123334488069274,0,0.108625061055637,0.142707924187643,0.263666434050208,0.142707924187643,0.140293466503298,56.2005965574384
"110",2017-10-06 03:00:00,0.116038321067254,0.0850568464064102,0.0801303041317785,0.167821778905262,0.0743836066696733,0.275241598494758,0.0346506634655622,0.166676880859302,69.2020017215987
"111",2017-10-06 04:00:00,0.237747021801144,0,0.140821180086533,0.252349436460214,0.077776835612565,0.0938453021086666,0.155643172056952,0.0418170518739249,242.310068289324
"112",2017-10-06 05:00:00,0.156960863567463,0.0156898263974447,0.180464161453563,0.134096687024975,0.145331001190502,0.192693831747209,0.114492063939587,0.060271564679256,260.955376975293
"113",2017-10-06 06:00:00,0.132313536592555,0.0299380779682506,0.0789294294866701,0.292840824849039,0.035111903838344,0.155152838852577,0.141296186089222,0.134417202323342,113.607740125106
"114",2017-10-06 07:00:00,0.183388734809657,0.0341893239522536,0.105184755630735,0.184690141360087,0.103174577262385,0.190728949642332,0.119084427216488,0.0795590901260619,274.914499859489
"115",2017-10-06 08:00:00,0.214180876056736,0.0165926669152306,0.155537645491289,0.224597420080352,0.0464380158562264,0.23315974883403,0.0701851593998288,0.0393084673663064,282.180751957748
"116",2017-10-06 09:00:00,0.19356690542963,0.0276601397867608,0.111643532430405,0.204834039675528,0.0747515163934114,0.163842103343331,0.170958133498228,0.052743629442706,212.39700074343
"117",2017-10-06 10:00:00,0.179571019196184,0.0170098309217368,0.0711027027568315,0.152074241967453,0.127442360795927,0.185282785598327,0.161392243217019,0.106124815546521,244.498790287507
"118",2017-10-06 11:00:00,0.229108871202135,0.0314142146074899,0.141996615671419,0.20248783885272,0.0519156744120555,0.185061434162993,0.102328521132118,0.0556868299590687,493.417022320587
"119",2017-10-06 12:00:00,0.218464044319894,0.0110754197656089,0.0684781881034207,0.234851090600846,0.122622554012799,0.148497527372275,0.109495427405969,0.0865157484191872,224.362299793284
"120",2017-10-06 13:00:00,0.153231441735267,0.0109874915870981,0.0867516844155572,0.180272700297566,0.210756421993781,0.131159405129328,0.152075562965923,0.074765291875479,177.102310716694
"121",2017-10-06 14:00:00,0.192248549587917,0.0139163020488827,0.143154194331219,0.183690295979561,0.149986001234311,0.164373849916052,0.101869659463136,0.0507611474389207,320.081245765367
"122",2017-10-06 15:00:00,0.241546621317684,0.0467623854492857,0.147930461038763,0.175868292991993,0.0330506023996917,0.173405776958142,0.0771207080364605,0.104315151807981,208.146154834522
"123",2017-10-06 16:00:00,0.203928841556717,0.0249277956245138,0.0540800561131546,0.204987303968267,0.132962911508439,0.137562417656949,0.0969021771967671,0.144648496375193,166.837178305083
"124",2017-10-06 17:00:00,0.185580132116118,0.0188942466721991,0.116677523655108,0.225163089426406,0.0871780605503637,0.239963060201974,0.0709497203767712,0.0555941670010608,299.71877568786
"125",2017-10-06 18:00:00,0.161425765358368,0.0410344863254691,0.0864852246452058,0.19357764694472,0.0647478391403309,0.169789107809746,0.133627892713491,0.149312037062669,407.812563630512
"126",2017-10-06 19:00:00,0.228162328336251,0.00729464677183032,0.175102878502226,0.195882132806636,0.0631653065333887,0.193436149943564,0.0765178414591591,0.060438715646945,417.363929050058
"127",2017-10-06 20:00:00,0.187235992643497,0.043505181113639,0.166023949459397,0.150809545207755,0.072713999292898,0.233054453123573,0.086902090740764,0.0597547884184765,145.452486847489
"128",2017-10-06 21:00:00,0.227884267147714,0.0257511590204282,0.148021734203212,0.244541150365567,0.0663427965827843,0.198128621425809,0.0627427729761279,0.026587498278358,295.167392407944
"129",2017-10-06 22:00:00,0.209625587972811,0.0509143623842943,0.0559228397415675,0.223213567924243,0.193430575181303,0.0397833687161207,0.0424618145277526,0.184647883551908,68.0699068102012
"130",2017-10-06 23:00:00,0.204315661518462,0.0764984463554843,0.0736403520912025,0.245733608949493,0.051306814813294,0.140113923897691,0.170432966420714,0.0379582259536599,322.103128584149
"131",2017-10-07 00:00:00,0.0742364455530509,0.00741118761794694,0.0591634631349245,0.381261281233788,0.00741118761794694,0.131254320831306,0.178801263685021,0.160460850326015,93.5271398178369
"132",2017-10-07 01:00:00,0.0732198270395171,0.0568085629238202,0.103251125883821,0.199374061168347,0.059921737852061,0.218784562442462,0.168850378523374,0.119789744166597,167.448645080753
"133",2017-10-07 02:00:00,0.137253647271457,0.0509523955494055,0.210356817233999,0.258988530486009,0.0762132990439341,0.0813791852053325,0.0848112118071521,0.100044913402711,213.097821371098
"134",2017-10-07 03:00:00,0.206367984483702,0.0333318514794027,0.126011776921983,0.204498974765247,0.0433138295282696,0.200307141301111,0.127449586897587,0.0587188546226983,250.009224912238
"135",2017-10-07 04:00:00,0.10822290092452,0.0821584233063746,0.0365507721110501,0.147762405180621,0.141065087429813,0.196508178085966,0.22552585009716,0.0622063828644958,162.373976056865
"136",2017-10-07 05:00:00,0.238097184635482,0,0.0971588367103661,0.252189002837008,0.0577670197505165,0.148361361986166,0.14848804620458,0.0579385478758806,131.015574293477
"137",2017-10-07 06:00:00,0.247709855345329,0.0862666718090889,0.0741110040343326,0.257075508455596,0.00389581507881171,0.114050205929128,0.107438100275733,0.109452839071982,177.920965584272
"138",2017-10-07 07:00:00,0.245334703123776,0.00975785465560245,0.0766818054573318,0.23521121232545,0.0874180107788928,0.220400138941269,0.120070482741169,0.005125791976509,270.454666805275
"139",2017-10-07 08:00:00,0.181223951747348,0.047282363671084,0.130894827595711,0.187191403454446,0.0799071885156074,0.155883324224543,0.133926020367516,0.0836909204237451,280.377147863894
"140",2017-10-07 09:00:00,0.18997618343989,0.0272522459787005,0.172039875334284,0.227071404849679,0.0823137393961493,0.129447854650239,0.0697021808997999,0.102196515451258,485.836889312124
"141",2017-10-07 10:00:00,0.153317725802427,0.0170071157081051,0.163614311481377,0.216589572067389,0.0892938262322547,0.152745290636941,0.0807368682656341,0.126695289805872,444.155904014242
"142",2017-10-07 11:00:00,0.193349330866929,0.103628290072677,0.136426783210841,0.14983381642638,0.10656056008839,0.0864516204266401,0.16244971387059,0.0612998850375536,186.481287345428
"143",2017-10-07 12:00:00,0.198357499079215,0.0311997641513992,0.112354695551755,0.184805917342317,0.0785632580430246,0.217812245596496,0.139822927469269,0.0370836927665231,153.446408105855
"144",2017-10-07 13:00:00,0.151347920266636,0.0710556783811493,0.127672677816854,0.196634378574452,0.158865627989086,0.114912590016013,0.0419487663259866,0.137562360629824,157.621823332074
"145",2017-10-07 14:00:00,0.205701058684788,0.0293039374129493,0.160395189362778,0.15930162276834,0.0967712212557531,0.204448697195912,0.113883993073334,0.0301942802461451,226.586473355366
"146",2017-10-07 15:00:00,0.120936816747948,0,0.114592162290401,0.194290547289304,0.0837879889127346,0.136089341790326,0.137078655674903,0.213224487294383,101.164514232752
"147",2017-10-07 16:00:00,0.176298427222405,0.0224917414870967,0.0994118105247958,0.192773742965705,0.161092915935582,0.1242372810472,0.104045816255322,0.119648264561894,123.271411590356
"148",2017-10-07 17:00:00,0.232018507039435,0.0188162583422259,0.0547397262616553,0.361176504321572,0.0350237010995252,0.0756875421417569,0.164434686276327,0.0581030745175025,85.5344289582978
"149",2017-10-07 18:00:00,0.241517264463007,0.0364187908901466,0.122633604689669,0.200839571639874,0.0679406415971914,0.151681158097352,0.0989961678509122,0.0799728007718471,180.271360184328
"150",2017-10-07 19:00:00,0.138414286952116,0,0.0718808837415973,0.29016414894389,0.158709904837894,0.131702145063215,0.0986407425590575,0.110487887902231,97.8494714891413
"151",2017-10-07 20:00:00,0.137024744623235,0,0.0331338082961462,0.217048047105983,0.170259269115689,0.125723097911066,0.0818415555595065,0.234969477388374,142.407381280222
"152",2017-10-07 21:00:00,0.157615737330825,0.0291358949575074,0.0866966985835282,0.210442957048823,0.118504289911326,0.104562535215844,0.0765993443302123,0.216442542621934,122.026389327482
"153",2017-10-07 22:00:00,0.153463540936125,0.0709575107699576,0.0842358351836929,0.241828899071681,0.102661733292933,0.0414730760093983,0.166851438688719,0.138527966047493,190.899078405751
"154",2017-10-07 23:00:00,0.173309246796266,0.0266801161210687,0.148712050464717,0.177526797491994,0.133942882932878,0.169276637590912,0.11091895994773,0.0596333086544346,142.677883128263
"155",2017-10-08 00:00:00,0.117224387354825,0.0214467488616837,0.114022101697254,0.289217602108767,0.0325989353736062,0.160355930638898,0.141496446985427,0.123637846979538,234.249048806732
"156",2017-10-08 01:00:00,0.20631706316376,0.0630026334729677,0.144464995103101,0.203181899538001,0.0891236400212908,0.139798896993171,0.0715403999229997,0.0825704717847082,107.32206569913
"157",2017-10-08 02:00:00,0.231577469874003,0.00559830009823734,0.229495077031016,0.262474989519865,0.016794900294712,0.122971052318684,0.0534463801926505,0.0776418306708332,123.813866423164
"158",2017-10-08 03:00:00,0.113784271705223,0.117382188890443,0.119376805752094,0.259514699387452,0,0.252681324781476,0.083441416051787,0.0538192934315249,59.0504562158816
"159",2017-10-08 04:00:00,0.221149614402525,0,0.0969610135714509,0.24623624773023,0.0644250774702571,0.183048673685885,0.123754295669395,0.0644250774702571,86.8981796969196
"160",2017-10-08 05:00:00,0.131473833980063,0.0780505961493311,0.0495851202137571,0.0702865393987869,0.253985836533496,0.0959216746680494,0.181458508325908,0.139237890730608,69.8946758192628
"161",2017-10-08 06:00:00,0.210366615858013,0.0466935789405091,0.0636015599395815,0.199701784873064,0.0881704758916834,0.207023249292378,0.0776658958443013,0.106776839360469,291.480880583021
"162",2017-10-08 07:00:00,0.232292419796483,0.0622231696810961,0.133657731353562,0.165513907949141,0.00269384412137028,0.200801066173134,0.105996590509838,0.0968212704153746,257.307828267124
"163",2017-10-08 08:00:00,0.212789645335437,0.0138437389503096,0.190531711611446,0.221123164041626,0.0787581383401727,0.185754729293251,0.0546416977023499,0.0425571747254077,282.584280118966
"164",2017-10-08 09:00:00,0.115966871109426,0.0424622918852944,0.176580501725307,0.310454760271186,0.0476645724194735,0.181680070245327,0.0899341368661434,0.035256795477843,173.152243409402
"165",2017-10-08 10:00:00,0.21813543862684,0.0483703136166408,0.107226697697918,0.219466713985653,0.0614069878278427,0.166109629800234,0.151472459302379,0.0278117591424917,228.540295783909
"166",2017-10-08 11:00:00,0.147233306118283,0.0397231257835526,0.0968908886808369,0.153564974108828,0.106664844856362,0.107787876572748,0.158207790420255,0.189927193459135,248.513646886997
"167",2017-10-08 12:00:00,0.16894041399168,0.0463142714194386,0.12580903819382,0.113577573418471,0.18701463745724,0.106284507981415,0.125490319496695,0.126569238041241,207.097743249132
"168",2017-10-08 13:00:00,0.130818788850509,0.0965072048143649,0.133575897251639,0.209832245343766,0.0410193861948723,0.212621009890091,0.0847919367956063,0.0908335308591511,185.275857690882
"169",2017-10-08 14:00:00,0.190585382545242,0,0.0357047980444613,0.185271358219264,0.0972220930836145,0.118231905977032,0.198489819306878,0.174494642823507,97.0663914268337
"170",2017-10-08 15:00:00,0.172032486158009,0.0140555950910099,0.183589946439802,0.222300374582484,0.0921717023591372,0.0763656405016289,0.11233368042057,0.127150574447359,127.476599718932
"171",2017-10-08 16:00:00,0.154174381690774,0.0628889237236493,0.167605370298849,0.119844916475258,0.0753603408243774,0.155443243509598,0.167152115755838,0.0975307077216573,143.346920918024
"172",2017-10-08 17:00:00,0.204419271598573,0.0175852434219846,0.148114416314155,0.156780202964358,0.0285511433743265,0.127578431810419,0.167666979972175,0.14930431054401,212.545799258635
"173",2017-10-08 18:00:00,0.233139055520466,0,0.111676425390223,0.178895279380219,0.139608555083196,0.132971908825471,0.0837452265523174,0.119963549248108,282.904522626574
"174",2017-10-08 19:00:00,0.182397407458249,0.0300326142575122,0.0669612992081906,0.179116366851093,0.105959691423375,0.130942458033883,0.151948510691504,0.152641652076193,182.489572048197
"175",2017-10-08 20:00:00,0.197834944973042,0.0441948483076844,0.161305997286835,0.181713696952819,0.0767955920875754,0.197273132806651,0.0848083633202073,0.0560734242651858,219.541303606414
"176",2017-10-08 21:00:00,0.189416391708175,0.0100120387431619,0.0400481549726476,0.169392314221851,0.043976052209126,0.324299948811634,0.159380275478689,0.0634748238547159,69.2313721851463
"177",2017-10-08 22:00:00,0.184557030681377,0.0338026607853408,0.107034362192115,0.337822746117269,0.029188871927448,0.141728910727961,0.076057732903952,0.0898076846645371,473.717554002509
"178",2017-10-08 23:00:00,0.239738839845891,0.00512052400303616,0.153751585880153,0.250198623814258,0.0477085065370974,0.210658556398704,0.0606364096124395,0.0321869539084201,380.021682917902
"179",2017-10-09 00:00:00,0.0816601597920559,0.133588129830723,0.140206709529062,0.153661031022295,0.124439417958727,0.186012437951052,0.163268789259313,0.0171633246567713,144.78002948034
"180",2017-10-09 01:00:00,0.149577429650583,0.0993080157804762,0.090581998070455,0.110393883975128,0.0987342778422073,0.182267200954669,0.200733213566979,0.0684039801595023,167.355916295913
"181",2017-10-09 02:00:00,0.0997550128434002,0.0370984987496769,0.156521245557871,0.16099605117024,0.122149180061487,0.132549392143971,0.0705425753134713,0.220388044159882,155.821494416743
"182",2017-10-09 03:00:00,0.185442218691056,0.0782639509636318,0.0454873720627549,0.214222914314305,0.121857751341965,0.166629940314925,0.112476193444271,0.0756196588670911,96.3350142239121
"183",2017-10-09 04:00:00,0.0987286457322115,0,0.161885400293855,0.0987286457322115,0.124351499586497,0.120949909817566,0.159497262083357,0.235858636754302,72.427828869322
"184",2017-10-09 05:00:00,0.116139579241058,0.0780298448253089,0.026465268590362,0.231025603154113,0.166669321954073,0.122155918273325,0.157532550631573,0.101981913330187,93.893120385445
"185",2017-10-09 06:00:00,0.171173268349811,0.00835849951473519,0.0529316020588752,0.108803052690605,0.202399704564414,0.0920758019001888,0.21062270662637,0.153635364295001,165.854452545698
"186",2017-10-09 07:00:00,0.274882824664212,0,0.134422893375064,0.17790005084017,0.0549984189503428,0.192800555319184,0.0889500254200848,0.0760452314309435,85.132105912929
"187",2017-10-09 08:00:00,0.189367403248991,0,0.156459792224289,0.161034812386355,0.194282925125331,0.14088560859923,0.101090771344461,0.0568786870713422,96.5750393719649
"188",2017-10-09 09:00:00,0.178918354372795,0.00287711447729175,0.102232587525605,0.0984188590759892,0.195539107567227,0.0687481261190614,0.196914175862762,0.156351674999269,240.917483829983
"189",2017-10-09 10:00:00,0.255817631615877,0,0.193178308084813,0.157171571822682,0.0265598519667348,0.189579885434531,0.11611696661917,0.0615757844561921,134.922398774825
"190",2017-10-09 11:00:00,0.164533336020942,0.0454928219769229,0.0525399135936943,0.161001421101923,0.149481921518249,0.0525399135936943,0.129451594015208,0.244959078179367,96.5965390518444
"191",2017-10-09 12:00:00,0.218815096664741,0,0.130195503260819,0.198681950343758,0.103643505263482,0.159325930354112,0.0640246489208373,0.125313365192251,308.069127850069
"192",2017-10-09 13:00:00,0.152071415294126,0.027300086629963,0.108177727151942,0.170865888794774,0.136749130591516,0.149520192122149,0.140910390549361,0.114405168866169,213.080318711468
"193",2017-10-09 14:00:00,0.131778238843982,0.0945209076744341,0.0655023801353495,0.190083490361015,0.0787669545985786,0.20359420025711,0.124765961337753,0.110987866791778,196.289009722527
"194",2017-10-09 15:00:00,0.215974553164116,0.0209138718329881,0.0569921511957064,0.179110100773279,0.0716134096135486,0.17429951854782,0.087281962782441,0.1938144320901,264.009503450866
"195",2017-10-09 16:00:00,0.216948243710035,0.0146656466165224,0.11079632135647,0.254688855119816,0.0669491460818821,0.124260133273104,0.14367169289498,0.06801996094719,431.480244219174
"196",2017-10-09 17:00:00,0.182484197508888,0,0.209021464837956,0.185273962119831,0.053417490046231,0.198045569937733,0.0851021101129403,0.0866552054364206,95.2421450507922
"197",2017-10-09 18:00:00,0.238475868783789,0.00411175495252621,0.179255851872665,0.197221473750895,0.0548778350268916,0.222685166836787,0.0829226712154865,0.0204493775609598,267.18817180317
"198",2017-10-09 19:00:00,0.197061864929496,0.0367857552089759,0.136217921326389,0.203717361245942,0.0763391124566137,0.164237302664996,0.113112298058188,0.0725283841093985,275.761037385984
"199",2017-10-09 20:00:00,0.183042959381312,0,0.148410491650041,0.143283623620968,0.0820409956351382,0.184864052113261,0.16572809196254,0.0926297856367397,191.595434514015
"200",2017-10-09 21:00:00,0.204038242558862,0.026690793071418,0.142579883937949,0.144221269159374,0.103606169364886,0.135227500516556,0.109513792362159,0.134122349028796,181.196635634272
"201",2017-10-09 22:00:00,0.230626749136247,0.00784663342268093,0.0645071764776803,0.232681464697041,0.0791301265314276,0.223994726575164,0.0540851905886176,0.107127932571142,140.010655460536
"202",2017-10-09 23:00:00,0.17940040651317,0.0230438365074206,0.10427127021592,0.158535218397863,0.129120990881533,0.155222774718543,0.1880490484575,0.0623564543080497,219.141287763579
"203",2017-10-10 00:00:00,0.309468590562714,0,0.142209144860606,0.104113763800147,0.0693558880908915,0.261086514613013,0.0673130108963381,0.0464530871762908,68.414265305708
"204",2017-10-10 01:00:00,0.271716072052625,0,0.0214899685645243,0.271716072052625,0,0.228736134923576,0.0603299690244805,0.146011783382169,32.254452977851
"205",2017-10-10 02:00:00,0.177529137269803,0.070925197113059,0.0207217296600335,0.286207835825138,0.0240571831361462,0.222308050065983,0.198250866929837,0,66.9005138018798
"206",2017-10-10 03:00:00,0.155099465652978,0,0.133284811708903,0.136954764507397,0.0921638814660707,0.116782663045565,0.204737809864243,0.160976603754843,42.0034502597749
"207",2017-10-10 04:00:00,0.145121375350492,0,0.145121375350492,0.222833321311278,0.158890349764402,0.06532235114191,0.098193174704026,0.1645180523774,117.651056240765
"208",2017-10-10 05:00:00,0.0683939742659934,0,0.0757308656869329,0.140720910456929,0.0537201914241145,0.254757560432836,0.203987839843296,0.202688657889898,94.4742317681992
"209",2017-10-10 06:00:00,0.239491292985729,0,0.14511583650324,0.141364641804864,0.115297230850506,0.142984415313002,0.0756929235518026,0.140053658990856,78.6155729407814
"210",2017-10-10 07:00:00,0.141229865981531,0.0556246502145778,0.118196420326595,0.203921705531448,0.104657630735492,0.153866377422571,0.0736435825172723,0.148859767270514,183.909641028589
"211",2017-10-10 08:00:00,0.235489473768844,0.0147039231303368,0.253347195576211,0.136858304324808,0.0568825394033171,0.136873832079206,0.126026954134955,0.0398177775823219,121.855878417328
"212",2017-10-10 09:00:00,0.142199352620571,0.029067117672795,0.109956403457634,0.253955472678112,0.11461427178467,0.17987976496541,0.141260499148012,0.029067117672795,157.027891201603
"213",2017-10-10 10:00:00,0.250346548009855,0.0309439922956543,0.0884479578145266,0.223058397251703,0.0640055821243754,0.226985718950264,0.0761379313443614,0.0400738722092596,203.321183622512
"214",2017-10-10 11:00:00,0.2280575509322,0.0378023295548922,0.213370688808572,0.168958955535962,0.0473586558059037,0.093304447223076,0.127838749147096,0.0833086229922982,205.222966407047
"215",2017-10-10 12:00:00,0.177616939435759,0.0246177479671074,0.171813552877248,0.171835286713756,0.0630362568516381,0.175345301769458,0.0809765916150183,0.134758322770016,250.785982217014
"216",2017-10-10 13:00:00,0.15693622155185,0.0193827809618023,0.0989776731903825,0.192193730003512,0.106446218688484,0.190779599107505,0.0806189176327469,0.154664858863717,415.583179095611
"217",2017-10-10 14:00:00,0.213594835843841,0.0214564858281047,0.152362685994584,0.153944787742695,0.0850945867185763,0.127100997426933,0.110873307364604,0.13557231308066,363.895406334398
"218",2017-10-10 15:00:00,0.177324419688685,0.0128296313702604,0.116228746192976,0.158856854497688,0.0852859696952503,0.230262807408215,0.0870014032068242,0.132210167940102,313.754275127972
"219",2017-10-10 16:00:00,0.220698655855964,0.0164335651110964,0.163620152109968,0.178802001816951,0.0247290477661648,0.172258480339294,0.104775720664736,0.118682376335825,341.119046804445
"220",2017-10-10 17:00:00,0.214670512535029,0.0375167407048341,0.07014882197015,0.18917966152779,0.0694140736283099,0.187467421463524,0.15522314560427,0.0763796225660933,201.512186906143
"221",2017-10-10 18:00:00,0.201825992980051,0.0483996748350129,0.159024022002647,0.144808551581841,0.0215675182312405,0.19389874476864,0.151394595419352,0.0790809001812153,249.230270727119
"222",2017-10-10 19:00:00,0.14317449441412,0.0546331697615047,0.0617354304118303,0.206506296099502,0.101328346834488,0.14608097522436,0.184330730105921,0.102210557148274,274.34803521801
"223",2017-10-10 20:00:00,0.0362171199164931,0.0143506942379407,0.10291386366071,0.0976174494018926,0.262703155219207,0.221554700125105,0.141375788698449,0.123267228740203,76.5546440090383
"224",2017-10-10 21:00:00,0.105855848383591,0.146396408904961,0.0626086404179159,0.0459264433333433,0.0962188618837433,0.0990858817299671,0.367306971548673,0.0766009437978051,96.4763756401417
"225",2017-10-10 22:00:00,0.25549691648453,0,0.161127763539197,0.22523066050037,0.0637152046883768,0.125301567105629,0.0837879617728047,0.0853399259090932,101.164547001156
"226",2017-10-10 23:00:00,0.156177011435437,0.0720167910434794,0.136715303128533,0.149106445811918,0.0463160459253145,0.172057803473938,0.151711461685324,0.115899137496056,203.848405111353
"227",2017-10-11 00:00:00,0.175508115469322,0.012058958088078,0.0990561299998345,0.137282122734578,0.0650257297989021,0.112628859733721,0.217294346479965,0.181145737695599,57.4798565097608
"228",2017-10-11 01:00:00,0.184209924234467,0.0448006911250704,0.147159279172847,0.179724885241502,0.0234220836222942,0.136055728371104,0.210724404498543,0.0739030037341727,127.902039880966
"229",2017-10-11 02:00:00,0.219782722479243,0,0.130876152232055,0.240436520529029,0.031780325539094,0.210039713784509,0.16708456543607,0,112.759038105129
"230",2017-10-11 03:00:00,0.191859314085925,0,0.0931147844114979,0.128665184137788,0.0613976166912679,0.181497310712785,0.105483686908443,0.237982103052292,65.562018652552
"231",2017-10-11 04:00:00,0.198228878130869,0.0762536406071439,0.0428285756553323,0.1126789739947,0.1126789739947,0.141260999125319,0.107780321796865,0.208289636695071,51.3027702583114
"232",2017-10-11 05:00:00,0.156184927503908,0.00353367816523262,0.079726458627417,0.187564181880851,0.0874182283779568,0.161559650021396,0.142658917865519,0.181353957557719,196.154586849398
"233",2017-10-11 06:00:00,0.163491113546727,0,0.113504436839548,0.127237135282328,0.135915608228829,0.0974611943755402,0.174199669564035,0.188190842162994,66.2978554465094
"234",2017-10-11 07:00:00,0.191508711286006,0.0110165167388383,0.153631079262637,0.162909161487787,0.0414398448950453,0.180369927407413,0.0991917488355564,0.159933010086717,251.675623789971
"235",2017-10-11 08:00:00,0.160042275296642,0.0473663787121758,0.0907939953813766,0.106268382404106,0.145162230969686,0.226485617337544,0.144422309061559,0.0794588108369104,108.17723707652
"236",2017-10-11 09:00:00,0.162222640463831,0.0292289047843718,0.0776065779898375,0.263834312616679,0.0407507012919939,0.168969993476861,0.118357279281831,0.139029590094595,108.729829386122
"237",2017-10-11 10:00:00,0.143671971942695,0.0149533465614438,0.142333770111759,0.167714924095783,0.118935651078677,0.152911232667857,0.162638221197727,0.0968408823440575,231.769917761145
"238",2017-10-11 11:00:00,0.173278583250294,0.0093612248830317,0.0961083047154413,0.23797772894553,0.104676531027882,0.0923781448366134,0.166203263234891,0.120016219106317,207.869180942603
"239",2017-10-11 12:00:00,0.128539411086978,0.0187444842834284,0.120132920367964,0.238293854410232,0.0947045413096114,0.169642165145663,0.158347463948684,0.0715951594474405,233.776857683299
"240",2017-10-11 13:00:00,0.196697092735221,0,0.142047527914154,0.119045796423234,0.0953897416980274,0.134979389139878,0.161569184046057,0.150271268043429,137.413799164556
"241",2017-10-11 14:00:00,0.0835091992612767,0.0411859805646953,0.125675337262085,0.143694170502132,0.14495293357923,0.118265580658921,0.122020057342847,0.220696740828813,161.311923184918
"242",2017-10-11 15:00:00,0.218311011101078,0.0126899658408208,0.146320709444997,0.136522022145918,0.0507598633632833,0.149211987986739,0.149793607111947,0.136390833005217,109.24334852506
"243",2017-10-11 16:00:00,0.157211396892547,0,0.0610208819681413,0.154399951202921,0.127697563149675,0.174309328069553,0.139041594043776,0.186319284673387,220.10549122393
"244",2017-10-11 17:00:00,0.167159008736608,0.0698567514498639,0.148651888072078,0.0602276109535504,0.114463128703571,0.144281237999043,0.115056740283034,0.180303633802251,102.507570965472
"245",2017-10-11 18:00:00,0.218741568997281,0.0432397042537604,0.12782627536551,0.179656157381288,0.0579861473162379,0.175312666412859,0.13966519382454,0.0575722864485237,204.757770221508
"246",2017-10-11 19:00:00,0.232979534157327,0.00400121772388088,0.166902540758719,0.141655436046934,0.0674099195195608,0.0875173343996228,0.116361269251772,0.183172748142184,173.234057327839
"247",2017-10-11 20:00:00,0.203765983928695,0.00802039400248188,0.152784680343507,0.175455729376346,0.0744447023269188,0.174416200685,0.110556529054272,0.10055578028278,172.846166995151
"248",2017-10-11 21:00:00,0.0886268527852477,0.0101001713412833,0.0715450913409503,0.0795492877543466,0.228692100216686,0.0614449199996669,0.114891565650614,0.345150010911205,137.254538985251
"249",2017-10-11 22:00:00,0.221315477106087,0.0289908737316476,0.114226042130865,0.163565352764082,0.150492170562329,0.137129171221959,0.136966519901065,0.0473143925819651,162.448715582215
"250",2017-10-11 23:00:00,0.147498497853053,0.0141914373484903,0.112745608872097,0.262128486874178,0.0438093632397844,0.233387988173754,0.104790156581086,0.0814484610575569,203.67012071569
"251",2017-10-12 00:00:00,0.240351247229266,0.0251989276372764,0.168165090238182,0.16830715700093,0.0128997354907255,0.0333453325127472,0.166437226178988,0.185295283711884,107.466882721479
"252",2017-10-12 01:00:00,0.171864582055474,0,0.0417860553709926,0.0660391776245852,0.163890523155122,0.0829079745360717,0.260736516663288,0.212775170594467,136.499662962101
"253",2017-10-12 02:00:00,0.141609258811736,0,0.212413888217605,0.0354023147029341,0.11222268248576,0.141609258811736,0.216464243863029,0.1402783531072,39.1582972117073
"254",2017-10-12 03:00:00,0.191849973254505,0,0,0.123981246656813,0.228056260029561,0,0,0.456112520059121,14.4518587894808
"255",2017-10-12 04:00:00,0.234341896942704,0,0.0973933137473731,0.124370230091676,0.0346921983330808,0.0693843966661617,0.109971666851028,0.329846297367976,19.9799151931803
"256",2017-10-12 05:00:00,0.174754628568005,0.010801080721593,0.197412802373422,0.219791998375267,0.0860232765887149,0.157798704657313,0.0933055406889733,0.0601119680267116,192.521618463856
"257",2017-10-12 06:00:00,0.141583471090166,0.0139385703597518,0.168186753199122,0.20786875801736,0.0501996034672219,0.256874210055267,0.105723021972022,0.0556256118390887,248.643570563533
"258",2017-10-12 07:00:00,0.0555128657656727,0.0501331132222069,0.0943146937906098,0.205912205432293,0.0998865503885484,0.202313230208366,0.188821491635692,0.103105849556611,41.4784043524895
"259",2017-10-12 08:00:00,0.181127742349602,0.0199466973071414,0.164733457496945,0.126526641201427,0.070318073467921,0.163003812018878,0.150626329171829,0.123717246986256,132.305478394682
"260",2017-10-12 09:00:00,0.152130835295036,0.0895037168082784,0.191801802483587,0.175724425361492,0.126994640751252,0.0621407427562213,0.0983314369826277,0.103372399561505,107.890798493761
"261",2017-10-12 10:00:00,0.145626549093078,0.0688290439878217,0.115196257657885,0.126427172816764,0.146757271189518,0.0767975051052567,0.0304302914351933,0.289935908714483,36.1025884687236
"262",2017-10-12 11:00:00,0.0786740519935379,0.0522225452687185,0.0227821603010588,0.168734921256788,0.150173616821691,0.212540521271698,0.0754970542308742,0.239375128855634,101.06965549211
"263",2017-10-12 12:00:00,0.177703393670357,0.0450856809948932,0.147568652889417,0.152496070243836,0.0949271101210294,0.136603327254032,0.0853725835597287,0.160243181266706,275.644387336305
"264",2017-10-12 13:00:00,0.112322998235542,0,0.241054150920003,0.154274753212185,0.157907893660233,0.0711284959524148,0.160209454980328,0.103102253039295,40.6359184064546
"265",2017-10-12 14:00:00,0.203707343102868,0.0250896742553251,0.0982754410931435,0.152620050048863,0.0912506737544714,0.253765505517387,0.14473755682411,0.0305537554038313,196.095847070789
"266",2017-10-12 15:00:00,0.16260004697865,0.0470038050056264,0.141011415016879,0.160866928641389,0.054013271575701,0.144419258935002,0.0894714941643087,0.200613779682443,165.991015308509
"267",2017-10-12 16:00:00,0.283199868559109,0.012883149333076,0.0536527265583009,0.195118556729674,0.0495373408177955,0.210267888910052,0.182457319758917,0.012883149333076,192.880373078366
"268",2017-10-12 17:00:00,0.0910366152618947,0,0.10757037892207,0.115163412376674,0.176319847566954,0.0572136074420231,0.187477123745582,0.265219014684802,123.569801740307
"269",2017-10-12 18:00:00,0.211327205174317,0.0573044937648535,0.171698809181436,0.199911087333523,0.0980432148595898,0.123398372902666,0.0591737352753931,0.0791430815082209,227.508180728116
"270",2017-10-12 19:00:00,0.305497462222977,0.0449525738977333,0.206774475458095,0.148339811626781,0.0224762869488666,0.159577955101214,0.0449525738977333,0.0674288608465999,61.6780860768372
"271",2017-10-12 20:00:00,0.215833707768339,0,0.215833707768339,0,0,0.337688030681559,0,0.230644553781764,9.01578427751389
"272",2017-10-12 21:00:00,0.302915174567129,0,0.101572098839737,0.194181690423858,0.00483353170500351,0.192625640770488,0.0503753804788963,0.153496483214889,143.403875853845
"273",2017-10-12 22:00:00,0.191157977604831,0.00413548453082517,0.118939006200139,0.226242889623316,0.0770487093866837,0.21726802284822,0.0998102623158533,0.0653976474901321,167.609665903318
"274",2017-10-12 23:00:00,0.177006583543692,0,0.177006583543692,0.089036105400359,0.246960104834215,0.123170525644743,0.108339440995401,0.0784806560378972,98.6481037579783
"275",2017-10-13 00:00:00,0.1901653127827,0.0553395213744793,0.140852053690692,0.252178259977712,0.0336248712248767,0.129433081839449,0.122951105436235,0.0754557936738554,220.882455838635
"276",2017-10-13 01:00:00,0.268044028842831,0.0225326021844055,0.177834448800526,0.218558858265278,0.0675978065532165,0.0607514716697563,0.0563315054610138,0.128349278222973,61.52393539701
"277",2017-10-13 02:00:00,0.239679316060915,0.0340680255481106,0.14307985632118,0.235098279224879,0.0941612879403985,0.160746996791795,0.0512668783673115,0.0418993597454101,177.018925025308
"278",2017-10-13 03:00:00,0,0,0,0,0.306495859094219,0.120995184151193,0,0.572508956754588,50.3807205650019
"279",2017-10-13 05:00:00,0,0,1,0,0,0,0,0,2.30258509299405
"280",2017-10-13 06:00:00,0,0,0,0,0.333333333333333,0,0,0.666666666666667,2.07944154167984
"281",2017-10-13 07:00:00,0.133478324673759,0,0.133478324673759,0,0.52148521138549,0,0,0.211558139266992,5.19295685089021
"282",2017-10-13 08:00:00,0.221372605536025,0.0132853643256588,0.155423693958985,0.237697457614491,0.0653966653170637,0.213557684211867,0.0368738458085352,0.0563926832273743,213.258234746658
"283",2017-10-13 09:00:00,0.188443156416651,0.0228370849675865,0.0601901107871075,0.20972624841942,0.083611943860256,0.138764360431195,0.162446655903809,0.133980439213976,91.0554715994296
"284",2017-10-13 10:00:00,0.137025609546792,0.0597519333079217,0.0508442224428893,0.322377562194892,0.100715009436676,0.139670271073598,0.140009432124666,0.0496059598725656,95.1195961819226
"285",2017-10-13 11:00:00,0.142099214661689,0,0.115299656229902,0.142099214661689,0.20129660282389,0.151032400805619,0.0834743347293689,0.164698576087842,77.5923807465922
"286",2017-10-13 12:00:00,0.202227682414499,0.0251502902490541,0.146831609362439,0.152641011061905,0.0558091025546111,0.301101188073181,0.102018840114363,0.0142202761699474,210.666251326753
"287",2017-10-13 13:00:00,0.227604796728905,0.0524628253922667,0.152453651890913,0.113902105875359,0.0978394642837188,0.113902105875359,0.129304823798458,0.11253022615502,78.9727715847011
"288",2017-10-13 14:00:00,0.172264949839748,0,0.0334193380767155,0.151179695102484,0.262460813879356,0.130094440365221,0.217161424659761,0.0334193380767155,32.8735502225149
"289",2017-10-13 15:00:00,0.264524066228179,0.0365726822267683,0.142270471581642,0.21131362749019,0.0295645730810778,0.294344791058976,0.0214097883331664,0,129.500987076304
"290",2017-10-13 16:00:00,0.117033762543977,0.118940555835685,0.127107894166926,0.168962801232318,0.0601088762059972,0.106218999090428,0.0763597825337148,0.225267328390953,136.332304905507
"291",2017-10-13 17:00:00,0.244622414243384,0.0230494792635986,0.156705458001832,0.0319662350220161,0.0932275991977896,0.102144354956207,0.0757197799963329,0.27256467931884,77.7353556988045
"292",2017-10-13 18:00:00,0.196286460450275,0.0521104601649129,0.185514811732055,0.14441932173896,0.0281644691626489,0.145775758328221,0.118666472491564,0.129062245931363,98.4427828633366
"293",2017-10-13 19:00:00,0.168631985033445,0.10241371388366,0.141010955603434,0.113061347160208,0,0.279846613277005,0.139543347065736,0.0554920379765117,99.786103897686
"294",2017-10-13 20:00:00,0.278048683673596,0.106600175741081,0.0590977054372353,0.196060534524925,0,0.11200431894827,0.209875178887391,0.0383134027875025,72.3660265212511
"295",2017-10-13 21:00:00,0.162093935632304,0.0350921542454112,0.152659574465177,0.33549603420272,0,0.198220311107831,0.056219736326083,0.0602182540204738,65.6153816289332
"296",2017-10-13 22:00:00,0.212042002984252,0.0263207172077169,0.156431518549939,0.230514901735545,0.021858882492475,0.306770721916568,0.00658017930192922,0.0394810758115753,105.338646373469
"297",2017-10-13 23:00:00,0.197674130561523,0,0.109950181722939,0.157071688175627,0.0157071688175627,0.125657350540501,0.0157071688175627,0.378232311364286,44.129351929096
"298",2017-10-14 00:00:00,0.148519981901016,0,0.265993540832992,0.343806601756264,0.00606875654268944,0.103635036382903,0.110219817952587,0.0217562646315478,114.215684165964
"299",2017-10-14 01:00:00,0.194682214520611,0,0,0.194682214520611,0,0.557457716164888,0.0265889273969449,0.0265889273969449,26.0690162567291
"300",2017-10-14 02:00:00,0.0440127831334566,0,0.0440127831334566,0.475944606421688,0.0440127831334566,0.259978694777572,0.0880255662669133,0.0440127831334566,15.748769589466
"301",2017-10-14 03:00:00,0.193158797432175,0.221716157828513,0.164783782519071,0.113500059652415,0.110858078914257,0.0851250447393114,0.110858078914257,0,24.4280816303587
"302",2017-10-14 04:00:00,0.104711769613085,0,0.239276572485868,0.292825291308015,0,0.134564802872783,0.0405080420253185,0.18811352169493,17.1113474239686
"303",2017-10-14 05:00:00,0.210007009490661,0,0.0588448444695331,0.0588448444695331,0.090854045501473,0.138537432306908,0.322408257716489,0.120503566045403,54.70106776363
"304",2017-10-14 06:00:00,0.137012873525489,0.106090823675315,0.128424093664816,0.230515116159038,0.0104343917161318,0.248024775744819,0.0576350091178221,0.0818629163965685,66.4290932731923
"305",2017-10-14 07:00:00,0.219691157970525,0,0.0925294600305387,0.173542235621624,0.0788688495371008,0.163037357269851,0.0569767676644375,0.215354171905923,87.2252587027317
"306",2017-10-14 08:00:00,0.209404910402135,0.134482215176646,0.2184721236734,0.0703152188767776,0.0325056195635234,0.176055048011434,0.122496011211027,0.0362688530850568,76.4454479919057
"307",2017-10-14 09:00:00,0.245516353845071,0,0.172545021204013,0.119088135133408,0.123537489358887,0.112708558543255,0.0376834609643406,0.188920980951026,108.650969349565
"308",2017-10-14 10:00:00,0.228700988145037,0.00426867213109393,0.163482296736404,0.356532092314809,0.0256120327865636,0.176220183450589,0.0366463901733149,0.00853734426218786,162.380046832576
"309",2017-10-14 11:00:00,0.181710770267902,0,0.0851556549149699,0.231170802749007,0.0773623640631957,0.117907404400839,0.159913607300936,0.14677939630315,141.343627451127
"310",2017-10-14 12:00:00,0.239224682643822,0,0.0420361820480618,0.214929627749898,0.0922855076086566,0.197816775608378,0.176537646022714,0.0371695783184696,59.1135190856986
"311",2017-10-14 13:00:00,0.161678270376774,0.131035659607988,0.074826924625669,0.245422634660546,0.123627048447838,0.067379648768329,0.100289328961533,0.0957404845513225,108.889509634195
"312",2017-10-14 14:00:00,0.150983195704442,0.0559851732863282,0.00778672314294262,0.193288146455747,0.148772857968608,0.0902088956144878,0.284907624541166,0.0680673832862787,89.0165436520199
"313",2017-10-14 15:00:00,0.178052398091172,0.0212972780473404,0.207946907267487,0.183221533146114,0.04748687755761,0.205578730651076,0.0298945091763153,0.126521766062886,65.0925605628278
"314",2017-10-14 16:00:00,0.0917439471552877,0.0520966253463647,0.201389497237334,0.102496143459281,0.196511948293917,0.0132157739363077,0.230066768701576,0.112479295869933,83.1288650943018
"315",2017-10-14 17:00:00,0.181606909500717,0.0843716944820441,0.136601799201877,0.183306619775495,0.0436522849896387,0.158178012232625,0.190456537322785,0.0218261424948194,127.030634153419
"316",2017-10-14 18:00:00,0.0968352160559677,0.0420383956216918,0.125602320506853,0.289117954591717,0.118551675366223,0.271526577325141,0.0563278605324063,0,95.7541702342719
"317",2017-10-14 19:00:00,0.177676115453127,0,0,0.139136718208091,0,0.278273436416182,0.148684497049037,0.256229232873563,13.9855975770899
"318",2017-10-14 20:00:00,0.197498960676624,0.0317648072583529,0.157984313516554,0.217831886650417,0.0263183397321381,0.241466622711662,0.108729985125926,0.0184050843283261,188.303179761357
"319",2017-10-14 21:00:00,0.167247685795685,0,0.129588020704679,0.154786025803106,0.125885156479029,0.166806270634318,0.10817643057023,0.147510410012952,161.886066080994
"320",2017-10-14 22:00:00,0.134050217431558,0,0.107385464187877,0.10521240307404,0.0476080281777499,0.209131072712487,0.154531891397511,0.242080923018777,132.385633620728
"321",2017-10-14 23:00:00,0.3,0,0.1,0,0.2,0.2,0.2,0,6.93147180559945
"322",2017-10-15 00:00:00,0.134459065598087,0.0389592582843731,0.132407776211081,0.181151816434743,0.0178074029108828,0.310714782735951,0.0521612858290113,0.132338611995871,282.123145412517
"323",2017-10-15 01:00:00,0.117757684357223,0.0332184677753226,0.246381022628929,0.246381022628929,0,0.171203699578593,0.151839635255681,0.0332184677753226,102.388749675831
"324",2017-10-15 02:00:00,0.0725322454267866,0.0362661227133933,0.284978503048809,0.284978503048809,0.0362661227133933,0.0725322454267866,0.212446257622022,0,19.1128008372387
"325",2017-10-15 03:00:00,0,0.210115409723043,0,0.210115409723043,0,0,0.369653770830872,0.210115409723043,31.1512119409137
"326",2017-10-15 04:00:00,0.178214771149164,0,0.217046174496211,0.115688096028993,0,0.115688096028993,0.310836187176468,0.0625266751201712,22.1712470470491
"327",2017-10-15 05:00:00,0.131660187957267,0,0.0585104122266557,0.144038541895683,0.137625518723865,0.122663191484275,0.128350304082862,0.277151843629391,88.7526963709281
"328",2017-10-15 06:00:00,0.197235600954579,0,0.155940682874922,0.10166173581564,0,0.173986986676163,0.199059850108069,0.172115143570628,47.2549578874512
"329",2017-10-15 07:00:00,0.171100577359268,0.126287161861467,0.100298764172306,0.117280723656716,0.13584183824988,0.0855502886796339,0.0991247288534216,0.164515917167309,43.6897370654128
"330",2017-10-15 08:00:00,0.152812405687561,0.0162739949445804,0.174818688967748,0.203128064180976,0.104912207058629,0.17445652785103,0.143301560808674,0.0302965505008025,127.776956350372
"331",2017-10-15 09:00:00,0.199539558340982,0.047954352308667,0.0571827579430997,0.241594402441689,0.114968522679613,0.117694413312672,0.0571827579430997,0.163883235030178,137.457257051042
"332",2017-10-15 10:00:00,0.0896077636908143,0.0641870628963471,0.0569052499269085,0.227310378037832,0.0980706099299492,0.129679491160922,0.14183918486306,0.192400259494166,105.977660549902
"333",2017-10-15 11:00:00,0.166150935540319,0.0763024750091568,0.0737274770517759,0.122912236352819,0.0675759162682785,0.0993863351668453,0.144902336492065,0.24904228811874,242.390215217039
"334",2017-10-15 12:00:00,0.19168357416807,0.0246523823908309,0.0779435613384904,0.191967634473131,0.0614915780015981,0.182724491299514,0.164334120289188,0.105202658039177,89.1282855548048
"335",2017-10-15 13:00:00,0.181565321063924,0.0113116052963121,0.22088301789062,0.173431487707213,0.08014229934733,0.213061851079014,0.062085328860881,0.0575190887547058,122.555050747029
"336",2017-10-15 14:00:00,0.116451254159372,0.082422870941671,0.0530346743561305,0.215714799067323,0.153581646123438,0.148880296329884,0.0890690424341653,0.140845416588016,154.919176904168
"337",2017-10-15 15:00:00,0.241417738887769,0,0.0691966133246486,0.155376029399952,0.163319828161701,0.181592418782885,0.0691966133246486,0.119900758118395,70.1194759511629
"338",2017-10-15 16:00:00,0.227892528873857,0.043972212550864,0.0898172920951643,0.144822879158942,0.153305244227088,0.113633036077783,0.158099164478277,0.0684576425380243,181.432036968806
"339",2017-10-15 17:00:00,0.172035043158778,0.0304540970707084,0.162427845178746,0.226256686944771,0.107311680910962,0.120906226315703,0.115712878854206,0.064895541566126,72.1487349381824
"340",2017-10-15 18:00:00,0.206899732204304,0,0.194847759628713,0.125358124918289,0.151808215697882,0.126450361663312,0.121925205541741,0.0727106003457581,103.758352594785
"341",2017-10-15 19:00:00,0.287762916531642,0.0110805230026946,0.160089166217736,0.250795935288904,0.00554026150134728,0.181765645210947,0.0277013075067364,0.0752642447399919,125.11091405909
"342",2017-10-15 20:00:00,0.204468776533242,0.0674140978063568,0.0871151023344972,0.158632051176782,0.0871151023344972,0.158632051176782,0,0.236622818637843,44.4377714904539
"343",2017-10-15 21:00:00,0.189012594701251,0.00519543358480462,0.129001456922897,0.177172044989559,0.105052699994307,0.181850347593111,0.139758027170645,0.0729573950434246,133.41469373937
"344",2017-10-15 22:00:00,0.244298030672553,0.0416662976646166,0.0409163571920383,0.190641880228946,0.100227552628701,0.060306166877523,0.25441768000895,0.0675260347266718,168.031383023863
"345",2017-10-15 23:00:00,0.176113022694577,0.0254022255157558,0.129330458125627,0.194538890786769,0.092596519265812,0.107391172903249,0.155167215971973,0.119460494736236,123.433839054155
"346",2017-10-16 00:00:00,0.297467771755541,0,0.193394858216377,0.184587887300368,0.028695599208319,0.132108827005254,0.129409003487536,0.034336053026605,122.888548136463
"347",2017-10-16 01:00:00,0.29911919586022,0,0,0.199412797240147,0.0997063986200734,0.199412797240147,0.151027604829743,0.0513212062096698,58.3722109202792
"348",2017-10-16 02:00:00,0.25,0,0,0.5,0,0,0.25,0,4.39444915467244
"349",2017-10-16 03:00:00,0,0,0,0,1,0,0,0,0.693147180559945
"350",2017-10-16 04:00:00,NaN,NaN,NaN,NaN,NaN,NaN,NaN,NaN,0
"351",2017-10-16 05:00:00,0,0,0.5,0,0,0,0.5,0,1.38629436111989
"352",2017-10-16 06:00:00,0.0809800887247203,0,0.166547024680556,0.139553661772316,0,0.166547024680556,0.0269933629082401,0.419378837233611,25.6784300243062
"353",2017-10-16 07:00:00,0.220109596095964,0.0441138581912597,0.120286950947823,0.131873507382639,0.0775480432043689,0.216996054193815,0.13170369842876,0.0573682915553712,121.426383778269
"354",2017-10-16 08:00:00,0.188106205856099,0.0167411151907643,0.0922025686389819,0.224803384104065,0.111497116796588,0.105275131649515,0.116722682935791,0.144651794828195,157.63927907689
"355",2017-10-16 09:00:00,0.298286306867623,0,0.205343024578613,0.132502360893284,0.0168552670520789,0.0784005684362352,0.138957175638876,0.129655296533291,123.370429863546
"356",2017-10-16 10:00:00,0.219747214013366,0.0119946949520903,0.130342763400234,0.323068300729679,0.0475667293277547,0.154332153304414,0.0618284395556165,0.0511197047168454,91.5915155038313
"357",2017-10-16 11:00:00,0.207357262927476,0.0243726220127279,0.153191732478291,0.185590444767218,0,0.2540130451381,0.175474892676187,0,28.4395819291814
"358",2017-10-16 12:00:00,0.170320567948026,0.063277186073209,0.119416436108677,0.222761701312215,0.0102557463921226,0.18599523507955,0.177649301563748,0.0503238255224524,67.5862247424867
"359",2017-10-16 13:00:00,0.156087817363765,0.0475573509272924,0.128078795921981,0.183560360586881,0.0281175801163383,0.272750495885934,0.102611102716124,0.0812364964816829,113.027288166284
"360",2017-10-16 14:00:00,0.122758500540807,0.0901856872532574,0.134497861943297,0.182134119951777,0.11055722854255,0.189035679534918,0.0956540140653811,0.0751769081680122,85.950171852147
"361",2017-10-16 15:00:00,0.155893443656756,0.0195785325235294,0.136387725345597,0.189762929123691,0.0772826747760854,0.190417750831993,0.0695003020113102,0.161176641731038,153.011073222864
"362",2017-10-16 16:00:00,0.221944657319573,0.0643203025711808,0.17610828985022,0.201817738387352,0.027793554281338,0.166761325688028,0.0906435212619996,0.0506106106403087,139.284129396405
"363",2017-10-16 17:00:00,0.280899570771182,0.0343128435975601,0.116473606986345,0.28184004132095,0.0248149563658984,0.081238815384321,0.147026998308455,0.0333931672652885,128.070095449184
"364",2017-10-16 18:00:00,0.148200192887052,0.0110047018571455,0.143469980932036,0.262887542129586,0.0441816554444989,0.151142338893964,0.154462429369761,0.0846511584859567,188.959371064617
"365",2017-10-16 19:00:00,0.16390799051643,0.0579370617054461,0.103889586246027,0.161537625455528,0.0567342893632138,0.157230517965901,0.0600184042704037,0.23874452447705,87.5980532294884
"366",2017-10-16 20:00:00,0.211572487672185,0.00665415188295874,0.180496625177934,0.169725544524253,0.0420975800555714,0.211677432475395,0.0654820026556464,0.112294175556057,330.203550502552
"367",2017-10-16 21:00:00,0.166004931598391,0.0305316664691874,0.166173424890158,0.269636720500407,0.0762385521383849,0.17202049295953,0.0625931239475534,0.0568010874963881,182.628390388503
"368",2017-10-16 22:00:00,0.202334394563693,0.015902071765553,0.061659388796597,0.176896575429426,0.116992213790888,0.222529881306301,0.119888244466142,0.0837972298814003,87.1769654645171
"369",2017-10-16 23:00:00,0.244956712619231,0.0708438327247243,0.0781655603693295,0.14161365190511,0.00928568898434651,0.198139938552727,0.247708925860185,0.00928568898434651,74.6468228397945
"370",2017-10-17 00:00:00,0.162770493442214,0.0598612567761849,0.0149653141940462,0.0299306283880925,0.273286102517448,0,0.189818127710962,0.269368076971054,46.3169146716415
"371",2017-10-17 01:00:00,0.310347944446676,0.0234528096996276,0.232652200135911,0.175492201831311,0,0.258054843886475,0,0,59.1099479710486
"372",2017-10-17 02:00:00,0.125,0.0112071920805714,0.125,0.352585615838857,0.113792807919429,0.147414384161143,0.125,0,61.848425152057
"373",2017-10-17 03:00:00,0.0826836960520073,0,0.0275612320173358,0.0826836960520073,0.205704483907641,0.0275612320173358,0.205704483907641,0.368101176046032,58.3949916107443
"374",2017-10-17 04:00:00,0.141378144821059,0,0.141378144821059,0.402368437080192,0.0554139319985452,0.176340443281327,0,0.0831208979978178,39.6511219848811
"375",2017-10-17 05:00:00,0.170228550527227,0.0326866630831332,0.150620507249742,0.247720145007028,0.0768952378133935,0.175018403744275,0.0728962299796662,0.0739342625955347,123.149667511099
"376",2017-10-17 06:00:00,0.243431537266095,0.00932698993373622,0.19624728675245,0.22723087665406,0.0605494484807612,0.0855044167645234,0.0526401898694837,0.12506925427889,74.3162784011157
"377",2017-10-17 07:00:00,0.2040187185559,0.0184739532952565,0.103038754108666,0.273283160661066,0.0512267461252321,0.133721352332406,0.105436223269496,0.110801091651978,215.924766226865
"378",2017-10-17 08:00:00,0.173601610773819,0.0651975159319204,0.105118191550715,0.137298993079398,0.0399206756187944,0.196566235736721,0.14335780175688,0.138938975551753,189.377568085611
"379",2017-10-17 09:00:00,0.200559060113399,0.0826097818533568,0.233370487919139,0.197100248894136,0.00530818423094964,0.144458619613066,0.110052696221205,0.0265409211547482,130.580844673498
"380",2017-10-17 10:00:00,0.168345235942468,0.141157971483756,0.0823725144005964,0.264859823432241,0.0323550127530804,0.139267227133446,0.0750307684944737,0.0966114463599389,74.1120175441772
"381",2017-10-17 11:00:00,0.201084663226945,0.0130939021836812,0.180012382689163,0.239395778002821,0.0458286576428842,0.174075014314063,0.065469510918406,0.0810400910220373,105.873279154904
"382",2017-10-17 12:00:00,0.245097834234446,0.0135683316147008,0.1542502636263,0.243149781484064,0.0052489471746362,0.215556942411256,0.0641884233146167,0.0589394761399805,132.0545163627
"383",2017-10-17 13:00:00,0.195525007280969,0.0389971855154675,0.151322749278669,0.199946054345486,0.0679335699155672,0.178362282732194,0.0256043639468519,0.142308786984795,130.142053795673
"384",2017-10-17 14:00:00,0.244063414941479,0,0.212973741081971,0.233066198747821,0.0178988426506126,0.175655325349135,0.0357976853012252,0.0805447919277566,77.4516200952493
"385",2017-10-17 15:00:00,0.0779327208055689,0,0.0459433741961184,0.162192829805743,0.15235498347591,0.0907011793133416,0.173861364485,0.297013547918318,99.3472567335609
"386",2017-10-17 16:00:00,0.112424854241522,0.110099058920165,0.115646386759934,0.134232535672669,0.0899376606509844,0.0861856398259113,0.0944670341107899,0.257006829818025,182.455605070777
"387",2017-10-17 17:00:00,0.0652288383285784,0.0544018063507702,0.0905630915209374,0.12942914524138,0.0654880944860234,0.163142151016512,0.18842262808507,0.243324244970729,164.16047679724
"388",2017-10-17 18:00:00,0.15354036695701,0.0235788250247428,0.0867260178963627,0.14347987160861,0.0858037051680289,0.123362924883183,0.178573129977859,0.204935158484203,184.772091998554
"389",2017-10-17 19:00:00,0.208494943482253,0.017359776478872,0.15669887557714,0.174332247051533,0.0434553932320003,0.161537288117915,0.0920857270747308,0.146035748985556,322.493896497574
"390",2017-10-17 20:00:00,0.172916438879853,0,0.152287494181163,0.20152068652738,0.0618249820547382,0.181197818485814,0.0686597556734651,0.161592824197586,198.0700599198
"391",2017-10-17 21:00:00,0.0673160800286742,0.0825493309951131,0.0260414145311177,0.188248664089495,0,0.143015623025523,0.108590745526231,0.384238141803847,26.6171094404907
"392",2017-10-17 22:00:00,0.156286273018602,0.00684971046568076,0.13849240711336,0.237832937137392,0.0472136107368472,0.120706606279204,0.117041829804649,0.175576625444267,160.388135260973
"393",2017-10-17 23:00:00,0.190684315795139,0,0.0839360246546094,0.24396313243944,0.122701673368105,0.200587117477574,0.0580507412448154,0.100076995020317,163.046713743644
"394",2017-10-18 00:00:00,0.22348332222897,0,0.1833761495584,0.136458476571676,0.0553179709158457,0.176451000666136,0.0944126796573044,0.130500400401668,117.795229437391
"395",2017-10-18 01:00:00,0.27191465353757,0,0.122487927868094,0.242007441076807,0.0665804910014573,0.212678961646744,0.0843305248693284,0,109.62853161523
"396",2017-10-18 02:00:00,0.22385308252453,0.0136318971149782,0.0771051120256664,0.17123752103513,0.0691866500387468,0.0451533079369315,0.136511473252705,0.263320956071311,131.438746501347
"397",2017-10-18 03:00:00,0.209476164634367,0.0759485326814276,0.142281221527446,0.220778216282707,0.0356746062928456,0.15175428473042,0.0807483302862277,0.0833386435645586,189.142564642193
"398",2017-10-18 04:00:00,0.192856667695781,0.0511403489591718,0.0681871319455624,0.142081384622278,0.100200157862482,0.108352884535167,0.237553432642878,0.0996279917366797,114.151165683803
"399",2017-10-18 05:00:00,0.229901770706083,0.0420953473133501,0.129490901229363,0.254363268268661,0.0853886842996639,0.229802561954262,0.0289574662286172,0,175.263048747625
"400",2017-10-18 06:00:00,0.112062946033369,0.0193462768699326,0.127394507717075,0.165186401298664,0.102058834247288,0.0804991625076808,0.127964194524236,0.265487676801754,71.6569069304714
"401",2017-10-18 07:00:00,0.169224419273937,0.0435669557696765,0.154137079559666,0.189150145181938,0.0440976346173385,0.198229469265146,0.0936965161837143,0.107897780148584,161.156175368488
"402",2017-10-18 08:00:00,0.161331772213062,0.07030552847488,0.0688357172565592,0.0929427480615795,0.146583009417546,0.151026844434395,0.127718864160241,0.181255515981737,119.897459843717
"403",2017-10-18 09:00:00,0.206884391209704,0.039426636746576,0.150982022978261,0.188208537700618,0.0391131151534281,0.164254065267171,0.111200900291618,0.0999303306526243,155.619788989853
"404",2017-10-18 10:00:00,0.210447979145727,0.0401661339791761,0.152599906035528,0.201119573953843,0.0469989678075889,0.189208055386182,0.0689925399429109,0.0904668437490443,235.761374864101
"405",2017-10-18 11:00:00,0.209706253629687,0.0156548402212608,0.178783049117557,0.213085734435404,0.0376435720560875,0.199589459898002,0.0630287300786415,0.0825083605633616,177.107443005029
"406",2017-10-18 12:00:00,0.248587042625918,0,0.0747956868190184,0.249000068421135,0.0722837988955677,0.147350475748332,0.139037552451205,0.0689453750388235,210.668142274136
"407",2017-10-18 13:00:00,0.184458225324039,0,0.16439008966124,0.216620404015974,0.0982680004939151,0.220181285083909,0.0838071896752871,0.0322748057456354,161.57915244197
"408",2017-10-18 14:00:00,0.185328731542483,0.0439029500381461,0.143627395710654,0.192038735278482,0.0812086841652408,0.131125948757788,0.122976900504522,0.0997906540026834,151.798660786118
"409",2017-10-18 15:00:00,0.118266163593321,0.0153491204822125,0.0545726980801523,0.122037413559446,0.178285418810632,0.125696771582853,0.154208921078355,0.231583492813029,233.467379620149
"410",2017-10-18 16:00:00,0.188477230442332,0,0.135617022402336,0.228845901792151,0.0981154155679799,0.164009572885583,0.0700444177502479,0.114890439159369,185.326086806679
"411",2017-10-18 17:00:00,0.193741267291758,0.011309637268134,0.195364297605663,0.261162263524646,0.0623921683222913,0.184781112075737,0.0407744686715747,0.0504747852401964,219.715857447476
"412",2017-10-18 18:00:00,0.245976639652005,0.0573682618530822,0.249070640242014,0.159927796945554,0.0119954488653761,0.174177212540939,0.0759647506556003,0.0255192492454298,307.523252819793
"413",2017-10-18 19:00:00,0.224619752113629,0.0257130026282423,0.114318090929767,0.308845356376583,0.0761935267408386,0.138644405114207,0.0230639281658945,0.0886019379308384,120.213204892813
"414",2017-10-18 20:00:00,0.145605402337645,0.0496976260223101,0.153425899305493,0.173614271521692,0.06291446541651,0.154132600519362,0.135071219820898,0.12553851505609,233.686723040992
"415",2017-10-18 21:00:00,0.217096838229972,0.0208386740274457,0.187482512000489,0.191202370885417,0.0368697297960109,0.188579422994631,0.0764714081159051,0.0814590439501291,257.947237938682
"416",2017-10-18 22:00:00,0.148271466344777,0.0508415753421561,0.183632054042852,0.199660794511843,0.0647793485571155,0.156032523275665,0.146038448789963,0.0507437891356297,115.55367219278
"417",2017-10-18 23:00:00,0.100946268822294,0.0342446666698011,0.0889182755443946,0.192076168674548,0.103463686512996,0.196057977236688,0.060281019921659,0.224011936617619,171.964820540246
"418",2017-10-19 00:00:00,0.145642285712159,0,0.0913361186505811,0.225476232310813,0.0665509337587214,0.278879129482047,0.0989243369262762,0.0931909631594034,241.156838333896
"419",2017-10-19 06:00:00,0.166666666666667,0.166666666666667,0,0.166666666666667,0.166666666666667,0.166666666666667,0,0.166666666666667,4.15888308335967
"420",2017-10-19 07:00:00,0,0,0,0.5,0,0,0.5,0,1.38629436111989
"421",2017-10-19 08:00:00,0.2,0.2,0.2,0.2,0,0,0,0.2,3.46573590279973
"422",2017-10-19 09:00:00,NaN,NaN,NaN,NaN,NaN,NaN,NaN,NaN,0
"423",2017-10-19 10:00:00,NaN,NaN,NaN,NaN,NaN,NaN,NaN,NaN,0
"424",2017-10-19 11:00:00,0.125,0,0.125,0.5,0.125,0.125,0,0,5.54517744447956
"425",2017-10-19 12:00:00,0.142645821258771,0.0457451386298667,0.162405631978569,0.156553952835796,0.07667017597066,0.20442766078684,0.065323517473338,0.14622810106616,200.447930689387
"426",2017-10-19 13:00:00,0.313374069892021,0.0124088877421909,0.0929655640533405,0.186168247345524,0.0372266632265728,0.140714925699079,0.0833163189022276,0.133825323139044,55.8589290966994
"427",2017-10-19 14:00:00,0.208195116226659,0.0568755606748612,0.119027937433436,0.215097397467431,0.0666651875705251,0.237753513977035,0.04883975851421,0.0475455281358426,119.106059016871
"428",2017-10-19 15:00:00,0.171657045984258,0.018817046084505,0.292354534932091,0.177085522508885,0.0533014446592846,0.180953768144741,0.0226852917203605,0.0831453459658746,132.056149441767
"429",2017-10-19 16:00:00,0.184813810946915,0.0501653487868608,0.0938414875711479,0.135889062712353,0.186226758280411,0.141053618237299,0.109834334500971,0.0981755789640429,232.32022320348
"430",2017-10-19 17:00:00,0.0690883848972212,0.0479123809422148,0.0575736540810177,0.178413308996548,0.204646130447047,0.0743096854413105,0.129832889469028,0.238223565725613,120.393119322346
"431",2017-10-19 18:00:00,0.240798842590673,0,0.119976783514057,0.262153878429608,0.0297803292252265,0.156011506182584,0.106376867177496,0.0849017928803553,507.627205185093
"432",2017-10-19 19:00:00,0.188697623447152,0.0141087770478093,0.155668474604134,0.18978862816311,0.0736078434920581,0.197559329155272,0.120091239166939,0.0604780849235244,212.331108741926
"433",2017-10-19 20:00:00,0.25097406405624,0.0097422584901146,0.136032230345945,0.155070052191413,0.0755501186078357,0.198456667454207,0.114065604625573,0.0601090042286717,142.297021016898
"434",2017-10-19 21:00:00,0.182104131021303,0.0756152091178369,0.108255548416632,0.213070780925247,0.0772303027958923,0.189882106920758,0.0706251665245393,0.0832167542777915,201.116271962831
"435",2017-10-19 22:00:00,0.31433361995678,0,0.132272039063695,0.261316456262688,0.041546122399076,0.168914316675045,0.0297864625032469,0.0518309831394698,228.372025129967
"436",2017-10-19 23:00:00,0.248751184321059,0.0543799055358512,0.0407879521247571,0.209487988805663,0.0718370311183826,0.109853100955054,0.120362573944034,0.144540263195198,93.3281101764309
"437",2017-10-20 00:00:00,0.187326203605871,0,0.199652223606556,0.214376448941944,0.0204330061888185,0.190226838416507,0.0996190084101053,0.0883662708301982,121.612386685803
"438",2017-10-20 01:00:00,0.140907717266188,0.0748304721026754,0.1114927530449,0.103499351309451,0.0528260091227459,0.281829174721578,0.181788513309715,0.0528260091227459,54.7149369391152
"439",2017-10-20 02:00:00,0.208768438295016,0.0373283120132826,0.146350207207898,0.325095096933239,0,0.200276868687605,0.0254818103172373,0.056699266545722,113.428823223794
"440",2017-10-20 03:00:00,0.10431560003776,0.0539614057992475,0,0.309969991180536,0.131826668714695,0.214138259753819,0.119874740156595,0.0659133343573475,59.6514449019986
"441",2017-10-20 04:00:00,0.31597605431963,0,0.171391204598301,0.255427927093297,0,0.138933444144297,0.0977928030397488,0.0204785668047265,67.6948916561842
"442",2017-10-20 05:00:00,0.182161985695515,0.0611430565810987,0.183079211174538,0.211844212004616,0.0519668970056321,0.108094133010143,0.119495605139079,0.0822148993893779,206.23922683872
"443",2017-10-20 06:00:00,0.17209043837559,0,0.203519024972071,0.33522742674382,0.0306912789720732,0.155544417687743,0.067613694985348,0.0353137182633542,237.669381778654
"444",2017-10-20 07:00:00,0.147732848619837,0.0858074044530879,0.0886708159126021,0.17517398060794,0.117806115114512,0.149019545052981,0.116139160730447,0.119650129508593,358.118436050085
"445",2017-10-20 08:00:00,0.199184745271776,0.0332604308397213,0.139566046612661,0.0799473479535454,0.0928791294988365,0.279132093225321,0.109509344918697,0.0665208616794426,41.6799880855514
"446",2017-10-20 09:00:00,0.197884218461464,0.154724821098816,0,0.0863187947252959,0.21579698681324,0.129478192087944,0.129478192087944,0.0863187947252959,16.0601681885351
"447",2017-10-20 10:00:00,0.201869096607388,0.0364485012536355,0.136685189935706,0.221994610698462,0.0761514862782278,0.126508876587419,0.0962420247586796,0.104100213880483,87.1929906865773
"448",2017-10-20 11:00:00,0.108246638497562,0.170547398742036,0.0852736993710181,0.0678953417921198,0.144621442178832,0.0173783575788983,0.2007330079397,0.205304113899833,39.8856553280731
"449",2017-10-20 12:00:00,0.171467278796847,0,0,0.0857336393984235,0.225559182775279,0.171467278796847,0.291680716254172,0.0540919039784315,12.81425000008
"450",2017-10-20 13:00:00,0.203617595633059,0.0927648087338812,0.123686411645175,0.172695992721766,0,0.141774389810472,0.141774389810472,0.123686411645175,22.416275849231
"451",2017-10-20 14:00:00,0.361616487420955,0,0,0.27676702515809,0,0.10706810063236,0.254548386788595,0,12.9477813927045
"452",2017-10-20 15:00:00,0.222010373517976,0.0507168992092963,0.0909090909090909,0.181818181818182,0.0655506413044427,0.222010373517976,0.116267540513739,0.0507168992092963,27.333973147668
"453",2017-10-20 16:00:00,0.339668445622717,0.0596311414117649,0.231216396636919,0.0298155707058825,0.0298155707058825,0.106887702918189,0.173149601292763,0.0298155707058825,23.2478253526501
"454",2017-10-20 17:00:00,0.0277777777777778,0,0,0,0.194444444444444,0.138888888888889,0.166666666666667,0.472222222222222,24.953298500158
"455",2017-10-20 18:00:00,0.125,0,0.25,0.25,0,0.125,0.25,0,12.8755032994728
"456",2017-10-20 19:00:00,0,0,0,0.5,0,0.5,0,0,16.5085375401804
"457",2017-10-20 20:00:00,0.182578433262473,0,0.0456446083156183,0,0.408710783368763,0,0.0456446083156183,0.317421566737527,15.1857405756896
"458",2017-10-20 21:00:00,0,1,0,0,0,0,0,0,0.693147180559945
"459",2017-10-20 22:00:00,0,0,0,0,1,0,0,0,1.09861228866811
"460",2017-10-20 23:00:00,NaN,NaN,NaN,NaN,NaN,NaN,NaN,NaN,0
"461",2017-10-21 00:00:00,0,0,0,0,1,0,0,0,9.939626599152
"462",2017-10-21 01:00:00,0,0,0,0.333333333333333,0,0.333333333333333,0,0.333333333333333,5.83773044716594
"463",2017-10-21 03:00:00,NaN,NaN,NaN,NaN,NaN,NaN,NaN,NaN,0
"464",2017-10-21 04:00:00,0.2,0,0.2,0.4,0,0.2,0,0,3.46573590279973
"465",2017-10-21 05:00:00,0.4,0,0,0.2,0,0,0.4,0,18.3178082306482
"466",2017-10-21 06:00:00,0.5,0,0,0,0,0,0,0.5,1.38629436111989
"467",2017-10-21 07:00:00,0,0,0,0,0,0,0,1,4.90527477843843
"468",2017-10-21 08:00:00,0,0,0,0,0,0,0,1,1.6094379124341
"469",2017-10-21 09:00:00,0.2,0,0,0.2,0.2,0.2,0.2,0,3.46573590279973
"470",2017-10-21 10:00:00,0.12200837431447,0.12200837431447,0,0.12200837431447,0,0.171260405081987,0.183012561471705,0.279701910502898,11.3622886044428
"471",2017-10-21 11:00:00,0.255139269615196,0.0611951282895344,0.0924290864196214,0.243675266650558,0.0467988048435443,0.112929759391463,0.0848045535459875,0.103028131244094,92.5394004134218
"472",2017-10-21 12:00:00,0.210074170558641,0.010527627377871,0.105037085279321,0.126092340035063,0.043899416608853,0.130461700175314,0.166174753949788,0.207732906015149,65.8407783331061
"473",2017-10-21 13:00:00,0.160711823588325,0.0138435135863923,0.222446025788518,0.0617342022001928,0.0415305407591769,0.146868310001933,0,0.352865584075462,50.0701773602682
"474",2017-10-21 14:00:00,0.228367348831606,0.058028312016545,0.123794906138869,0.160156686375197,0.0746198207889226,0.104522281449848,0.14691588046981,0.103594763929202,113.594097483471
"475",2017-10-21 15:00:00,0.235404890185522,0.0425726067207547,0.136230016650678,0.12755661134868,0.0650646017908699,0.123406048267082,0.104692337139764,0.16507288789665,97.6891809946927
"476",2017-10-21 16:00:00,0.158842473052271,0.0188033409371774,0.0706064525242834,0.182360091265143,0.107146727516433,0.148621030727525,0.181364573580505,0.132255310396663,159.319148845029
"477",2017-10-21 17:00:00,0.275458557794564,0.0172161598621603,0.0946888792418815,0.216664726271708,0.0688646394486411,0.172161598621603,0.0860807993108013,0.0688646394486411,80.52285598061
"478",2017-10-21 18:00:00,0.261279980712318,0.00835617069191292,0.150048439796338,0.2027349819539,0.0761674954766635,0.119098754719932,0.156453311929756,0.0258608647191801,214.423512310742
"479",2017-10-21 19:00:00,0.201915841174342,0,0.176667011140895,0.168733082669189,0.103307329040024,0.0617748206405884,0.157672163167471,0.129929752167491,125.332650771449
"480",2017-10-21 20:00:00,0.181610466713616,0.0334654687001017,0.0485089017530302,0.197270378470093,0.0847666068642475,0.124828998071845,0.212680826187499,0.116868353239567,86.3687816177927
"481",2017-10-21 21:00:00,0.10219302293782,0.221449815257231,0.116031754736784,0.146724203655116,0.0475292766133561,0.0529311978800831,0.139220190275735,0.173920538643875,60.8124500065282
"482",2017-10-21 22:00:00,0.205456006605016,0,0.173534217084987,0.242019552619993,0.0684853355350054,0,0.310504888154998,0,43.7426822859437
"483",2017-10-21 23:00:00,0.200220908364579,0,0,0.533554241697913,0,0.133112424968754,0,0.133112424968754,18.6677288042141
